UI_20150317_000001	{@st41b}Adquirir Atributos{nl}ddos mestres de cada classe.{/}
UI_20150317_000002	{@st43}Lista {/}
UI_20150317_000003	{@st59}Fechar {/}
UI_20150317_000004	{@st43}Adquirir Atributos{/}
UI_20150317_000005	{@st59}Fechar janela de atributos{/}
UI_20150317_000006	{@st41b}Dinheiro{/}
UI_20150317_000007	Minhas Conquistas
UI_20150317_000008	Ranking do Servidor
UI_20150317_000009	{@st59}Houve um acontecimento inesperado.{/}
UI_20150317_000010	{@st59}Há uma nova mensagem de ajuda{/}
UI_20150317_000011	{@st41}Qual tipo de flecha você gostaria de criar?{/}
UI_20150317_000012	{@st41b}Uma vez que{/}
UI_20150317_000013	{@st41b}Todos{/}
UI_20150317_000014	{@St41b}Pausar{/}
UI_20150317_000015	{@St43}Registro de Aventuras{/}
UI_20150317_000016	{@St43}Leilão{/}
UI_20150317_000017	{@St59}Fechar Leilão{/}
UI_20150317_000018	{@St41b}Itens vendidos : %s ea, Itens não vendidos : %s ea{/}
UI_20150317_000019	{@St43}{s22}Leilão de itens{/}
UI_20150317_000020	{@st59}Fechar informações de quest{/}
UI_20150317_000021	Abe dias restantes
UI_20150317_000022	{@St41b}Tempo restante
UI_20150317_000023	3 horas 16 minutos
UI_20150317_000024	{@St41b}Preço inicial
UI_20150317_000025	{@St41b}Ofertas
UI_20150317_000026	{@St41b}Preço atual
UI_20150317_000027	{@St41b}Preço ofertado
UI_20150317_000028	{@St41b}Oferta mínima de {@st57}%s{@st41b}Pratas{/}
UI_20150317_000029	{@St41b}Oferecer{/}
UI_20150317_000030	{@St43b}Compre agora!{nl}{img icon_item_silver 20 20}{@st57}%s{/}
UI_20150317_000031	{@St44}Configuração de permissões{/}
UI_20150317_000032	{@St45}Nome:%s{/}
UI_20150317_000033	{@St45}Armazém do grupo{/}
UI_20150317_000034	{@St49}Nada
UI_20150317_000035	{@St49}Inserir
UI_20150317_000036	{@St49}Importar
UI_20150317_000037	{@St45}Pesquisa{/}
UI_20150317_000038	{@St49}Criar
UI_20150317_000039	{@St49}Deletar
UI_20150317_000040	{@St44}Salvar{/}
UI_20150317_000041	{@St44}Cancelar{/}
UI_20150317_000042	{@St43}{s22}Loja de cabelos{/}
UI_20150317_000043	{@st59}Cabelo anterior{/}
UI_20150317_000044	{@St59}Próximo cabelo{/}
UI_20150317_000045	{@st41b} mudar {s18} (100 moedas necessárias) {/}
UI_20150317_000046	{@St59}Mudar para o cabelo selecionado.{/}
UI_20150317_000047	{@St41}Cancelar
UI_20150317_000048	{@st43}Mercado Negro{/}
UI_20150317_000049	Nome do Livro
UI_20150317_000050	{@St59}Parar de ler{/}
UI_20150317_000051	{@st59}Página Anterior{/}
UI_20150317_000052	{@st59}Próxima Página{/}
UI_20150317_000053	{@st47}%s apareceu!
UI_20150317_000054	{@st43}Pontuação{/}
UI_20150317_000055	Dano recebido
UI_20150317_000056	Bônus de Técnica
UI_20150317_000057	Bônus de Evasão
UI_20150317_000058	Tempo de conclusão
UI_20150317_000059	Pontuação Total
UI_20150317_000060	{@st42}Tempo decorrido
UI_20150317_000061	10 minutos
UI_20150317_000062	10 segundos
UI_20150317_000063	{@st44}Completo
UI_20150317_000064	{@st59}Desligar máquina de vendas{/}
UI_20150317_000065	{@st43}Máquina de vendas de Buffs
UI_20150317_000066	Nome da máquina de vendas
UI_20150317_000067	{@st43}Registrar
UI_20150317_000068	{@st43}Cancelar
UI_20150317_000069	Máquina de vendas de Buffs
UI_20150317_000070	{@st59}Fechar a máquina de vendas de Buffs.
UI_20150317_000071	{@st59}Máquina de vendas de Buffs{nl} - Você pode trocar prata para receber Buffs de outro jogador.
UI_20150317_000072	Menu de transporte
UI_20150317_000073	{ol}{s22}Desembarcar{/}
UI_20150317_000074	Conjurando
UI_20150317_000075	{@st43}Configurações do Jogo{/}
UI_20150317_000076	{@st64}Use as teclas direcionais para escolher o local!
UI_20150317_000077	{@st43}Informações avançadas {/}
UI_20150317_000078	{@st43}Selecionar Classe
UI_20150317_000079	Psychokinesist
UI_20150317_000080	{@st42}%s círculo {/}
UI_20150317_000081	Quantidade de círculos
UI_20150317_000082	Exibe uma breve descrição da classe.
UI_20150317_000083	{@st41b}Ataque {@sti7}%s{/}
UI_20150317_000084	{@st41b}Suporte {@sti7}%s{/}
UI_20150317_000085	{@st41b}Dificuldade{@sti7}%s{/}
UI_20150317_000086	{@st59}Fechar janela de informação de classe{/}
UI_20150317_000087	Alerta de Avanço
UI_20150317_000088	{@st43} Avanço
UI_20150317_000089	{@sti7}{s14} Personagem {/}
UI_20150317_000090	{@sti8}{s14} Classe {/}
UI_20150317_000091	{@st44}Chat{/}
UI_20150317_000092	Para. WWWWWWWW e 1 outro.
UI_20150317_000093	Geral: / s {nl} Call details: / y contents {nl} Party: / p {nl} whisper contents: / w Carrick name Contents
UI_20150317_000094	{@st41}Chat Normal{/}
UI_20150317_000095	{@59}Sair{/}
UI_20150317_000096	{@59}Convidar{/}
UI_20150317_000097	{@st59}TODOS{/}
UI_20150317_000098	{@st59}Normal (/s chat){/}
UI_20150317_000099	{@st59}Gritar (/y chat){/}
UI_20150317_000100	{@st59}Grupo (/p chat){/}
UI_20150317_000101	{@st59} sussurrar (/ w nome do time, fale) {/}
UI_20150317_000102	{@st59}Ajustar janela de chat{/}
UI_20150317_000103	{@st43}{s22}Macro de Chat{/}
UI_20150317_000104	{@st43}Macro{/}
UI_20150317_000105	{@st59b} Macro {nl} {@st59s} - Como usar: {nl} 1. Registre o ícone de gesto nos slots de gesto abaixo {nl} 2. Escreva sua frase e salve {nl} 3. Use a tecla de atalho para falar a frase e fazer o gesto ao mesmo tempo {/}
UI_20150317_000106	{@st59}Fechar Macro{/}
UI_20150317_000107	{@st41b} Salvar {/}
UI_20150317_000108	{@st59}Salvar informações registradas{/}
UI_20150317_000109	{@st41b} Cancelar {/}
UI_20150317_000110	{@st59}Cancelar informações registradas{/}
UI_20150317_000111	{@st42}Configurações de chat
UI_20150317_000112	{@st42}Transparência
UI_20150317_000113	Mostrar balão de chat
UI_20150317_000114	Alerta no topo da tela mostra informações
UI_20150317_000115	{@st43}Lista de códigos{/}
UI_20150317_000116	{@st42b}Item{/}
UI_20150317_000117	 {@st42b}Monstro{/}
UI_20150317_000118	{@st42b}Mover mapa{/}
UI_20150317_000119	{@st42b}Ordem de combate{/}
UI_20150317_000120	{@st41b}Fechar{/}
UI_20150317_000121	{s16}{b}Clique uma ou duas vezes no botão CRIAR para criar itens.
UI_20150317_000122	{s16}{b}ea
UI_20150317_000123	{s16}{b}Lv.
UI_20150317_000124	{@st41b}Procurar{/}
UI_20150317_000125	{s16}{b}Clique uma ou duas vezes no botão CRIAR para invocar monstros.
UI_20150317_000126	{s16}{b}ea
UI_20150317_000127	{s16}{b}Escolha o local desejado.
UI_20150317_000128	{s18}{b}Ver Minimapa{/}
UI_20150317_000129	{@st41b}Lista de ferramentas{/}
UI_20150317_000130	Coleção {@st59b} {nl} {@st59s} - Se você coletar os itens você pode salva-los aqui {nl} -   Se voc~e usar atalhos para ativar a coleção {nl} {/}
UI_20150317_000131	{@st59}Fechar Informações de Coleção{/}
UI_20150317_000132	{@st43}Coleção{/}
UI_20150317_000133	{@st43}Spray de Cor{/}
UI_20150317_000134	{@st49}Spray de Cor{/}
UI_20150317_000135	{@st49}Cor{/}
UI_20150317_000136	{@st49}Restante{/}
UI_20150317_000137	{@st49}Pincel{/}
UI_20150317_000138	{@st49}{a END_EDIT_SPRAY}Desenhar{/}{/}
UI_20150317_000139	{@st49}{a SAVE_EDIT_SPRAY}Salvar{/}{/}
UI_20150317_000140	{@st49}{a LOAD_EDIT_SPRAY}Importar{/}{/}
UI_20150317_000141	{@st49}Fechar{/}
UI_20150317_000142	{@st43} Adotar mascote
UI_20150317_000143	{@st59} nsrira o nome da pré venda para receber um mascote {/}
UI_20150317_000144	{@st41b}Nome{/}
UI_20150317_000145	{@st41b}Preço %s{/}
UI_20150317_000146	{@st59} Fechar janela de pré venda do mascote Moth {/}
UI_20150317_000147	{@st41b}Adotar
UI_20150317_000148	{@st59}Confirmar adoção {/}
UI_20150317_000149	{@st43}Loja de Mascotes
UI_20150317_000150	{@st59}Fechar Loja de Mascotes{/}
UI_20150317_000151	{@st43}Outras informações de personagem{/}{@st42}
UI_20150317_000152	{@st59}Fechar informações de personagem{/}
UI_20150317_000153	{@st41b}Informações
UI_20150317_000154	{@st41b}Gravar
UI_20150317_000155	Nome do Time
UI_20150317_000156	Nome do Personagem
UI_20150317_000157	{#Ffff00}%s{/}Rank %s {#ffff00}%s{/}Level
UI_20150317_000158	Fighter
UI_20150317_000159	Aventura {#ffff00}%s{/} (Rank{#ffff00}%s{/}/%s)
UI_20150317_000160	Aventura {#ffff00}%s{/} ({#ffff00}Sem Ranking{/})
UI_20150317_000161	Conquistas {#ffff00}%s{/}ea
UI_20150317_000162	Configurações
UI_20150317_000163	Apague o título da aba para deletá-la.
UI_20150317_000164	{@st49}TODOS{/}
UI_20150317_000165	{@st49}Sistema{/}
UI_20150317_000166	{@st49}Diálogo{/}
UI_20150317_000167	{@st49}Combate{/}
UI_20150317_000168	{@st49}Item{/}
UI_20150317_000169	{@st43}Créditos{/}
UI_20150317_000170	{@st43}Alvo fixado {/}
UI_20150317_000171	Nome do NPC
UI_20150317_000172	Comparar
UI_20150317_000173	Ilustração
UI_20150317_000174	Seleção de diálogo
UI_20150317_000175	Ajuda de Texto
UI_20150317_000176	{@st41}Criar Itens{/}
UI_20150317_000177	{@st45tw2}Criando item...
UI_20150317_000178	%r segundos
UI_20150317_000179	{@st41}Cancelar{/}
UI_20150317_000180	{@st45tw2}Quantidade{/}
UI_20150317_000181	{@st45tw2}Você deseja criar o item?
UI_20150317_000182	{@st41}Decidir{/}
UI_20150317_000183	Informação de Quest
UI_20150317_000184	{@st59}Cancelar negociação{/}
UI_20150317_000185	{@st43}Troca Pessoal{/}
UI_20150317_000186	Minha lista de negociações
UI_20150317_000187	Prata : %s
UI_20150317_000188	Entrar
UI_20150317_000189	{@st41}Aceitar
UI_20150317_000190	{@st41}Confirmar
UI_20150317_000191	Lista de negociações de outros grupos(%s)
UI_20150317_000192	Nome do outro jogador
UI_20150317_000193	{s18}{ol} {gr gradation1}Evento de Campo{/}
UI_20150317_000194	{s20}{ol}Derrote a Tribo Vubbe ! Você gostaria de participar?
UI_20150317_000195	{s20}{ol}%s Você gostaria de participar?
UI_20150317_000196	{s20}{ol}Participantes: (1/5)
UI_20150317_000197	{s20}{ol}Participantes : (%s/%s)
UI_20150317_000198	{s20}{ol}O jogo vai começar em 1 segundo.
UI_20150317_000199	{s20}{ol}O jogo começa em %s segundos.
UI_20150317_000200	Não mostrar por hoje.
UI_20150317_000201	Não exibir eventos de campo.
UI_20150317_000202	Participar do jogo
UI_20150317_000203	Iniciar jogo com outros jogadores.
UI_20150317_000204	Não participar do jogo.
UI_20150317_000205	Modelos de Spray
UI_20150317_000206	{@st49}Selecionar{/}
UI_20150317_000207	{@st49}Cancelar{/}
UI_20150317_000208	{@st49}Deletar{/}
UI_20150317_000209	Insira nome do arquivo para salvar.
UI_20150317_000210	{@st43}Amigos
UI_20150317_000211	{@st59}Fechar lista de amigos{/}
UI_20150317_000212	{@st59b} Amigos {nl} {@st59s} - Faça amizade com outros jogadores {nl} - Confira o status de seus amigos na aba Lista {nl} - Confira convites, recuse ou bloqueie na aba Gerenciar {/}
UI_20150317_000213	{@st41b}Mostrar somente online{/}
UI_20150317_000214	{@st41b}Lista
UI_20150317_000215	{@st41b}Gerenciar
UI_20150317_000216	{@st41b}Mandar convite de amizade
UI_20150317_000217	{@st41b}Bloquear
UI_20150317_000218	{@st59}Pesquisar{/}
UI_20150317_000219	{@st44}Guilda{/}
UI_20150317_000220	Guilda
UI_20150317_000221	Lista
UI_20150317_000222	Notícias
UI_20150317_000223	Missão de Guilda
UI_20150317_000224	Memberos Online
UI_20150317_000225	{@st44}Criar Guilda{/}
UI_20150317_000226	{@st42}Criar{/}
UI_20150317_000227	{@st42}Fechar{/}
UI_20150317_000228	{@st42}TODOS{/}
UI_20150317_000229	{@st42}Ranking de hoje{/}
UI_20150317_000230	{@st42}Ranking semanal{/}
UI_20150317_000231	{@st56} rank {/}
UI_20150317_000232	{@st56}Pontos{/}
UI_20150317_000233	{@st56}Classe{/}
UI_20150317_000234	{@st56} Nome {/}
UI_20150317_000235	Página anterior
UI_20150317_000236	Próxima página
UI_20150317_000237	{@st42}Pesquisar ID{/}
UI_20150317_000238	Insira a ID para pesquisar
UI_20150317_000239	Fechar hall da fama
UI_20150317_000240	Insira a ID para pesquisar
UI_20150317_000241	{@st59} Estamina {/}
UI_20150317_000242	{@st43}Lista de ajuda{/}
UI_20150317_000243	{@st59}Fechar lista de ajuda {/}
UI_20150317_000244	{@st59b} Lista de ajuda{nl} {@st59s}- Ler os tópicos novamente {nl}  - Selecione um tópico para exibir detalhes {/}
UI_20150317_000245	{@st43}{s22}Ajuda{/}
UI_20150317_000246	{@st47_b}{b}Tópicos de ajuda{/}
UI_20150317_000247	{@st42b}Conteúdos de ajuda simples{/}
UI_20150317_000248	{@st59}Ver detalhes{/}
UI_20150317_000249	Por favor insira a quantidade
UI_20150317_000250	{@st59}Insira o conteúdo{/}
UI_20150317_000251	{@st41b}OK
UI_20150317_000252	{@st59}Confirmar {/}
UI_20150317_000253	{@st41b}Fechar
UI_20150317_000254	{@st59}Cancelar {/}
UI_20150317_000255	{@st43}Teleportar{/}
UI_20150317_000256	{@st59}Fechar janela de teleporte{/}
UI_20150317_000257	Teleportar {@st59b} {nl} {@st59s} - Sistema que pode teleportar o usuário para outras regiões {nl} - É necessário que ao menos duas estátuas estejam ativas para usar essa função {nl} {/}
UI_20150317_000258	{@st41}Localização atual : %s{/}
UI_20150317_000259	{@st43}{s22}Teleportar{/}
UI_20150317_000260	{@st41b}Você deseja se teleportar para esse local?{/}
UI_20150317_000261	What about Saul ray
UI_20150317_000262	Moedas utilizadas : 0
UI_20150317_000263	Introdução
UI_20150317_000264	{@st43}Inventário{/}
UI_20150317_000265	{@st59}Fechar inventário{/}
UI_20150317_000266	Equipamentos {@st59b} {nl} {@st59s}-Cabelo/Roupas: equipe para mudar o visual do personagem {nl} -Armas: Pode usar armas de uma ou duas mãos {nl} (sub-arma/escudo podem ser utilizados com armas de uma mão) {nl} -Armadura: Tronco, Pernas, Luvas, Sapatos {nl} -Acessórios: Pode usar 1 colar e 2 braceletes {nl} {/}
UI_20150317_000267	{@st59}Acessório da cabeça 1{/}
UI_20150317_000268	{@st59}Acessório da cabeça 2 {/}
UI_20150317_000269	{@st59}Colar {/}
UI_20150317_000270	{@st59}Roupa{/}
UI_20150317_000271	{@st59}Tronco {/}
UI_20150317_000272	{@st59}Luvas {/}
UI_20150317_000273	{@st59}Pernas{/}
UI_20150317_000274	{@st59}Sapatos {/}
UI_20150317_000275	{@st59}Mão esquerda {/}
UI_20150317_000276	{@st59}Mão direita {/}
UI_20150317_000277	{@st59}Bracelete 1 {/}
UI_20150317_000278	{@st59}Bracelete 2 {/}
UI_20150317_000279	{@st59}Braçadeira{/}
UI_20150317_000280	{@st59}Procurar com o nome inserido {/}
UI_20150317_000281	Peso
UI_20150317_000282	
UI_20150317_000283	{@st59}Fechar UI de reparação de itens{/}
UI_20150317_000284	{@st42}Disponível para Buff
UI_20150317_000285	{@st42}Consumir{/}
UI_20150317_000286	{@st42}Correr
UI_20150317_000287	{@st42}Selecionar Item{/}
UI_20150317_000288	Anel 1 {@st59} {/}
UI_20150317_000289	{@st43}Criação de item{/}
UI_20150317_000290	{@st42b} Ver apenas aqueles com materiais suficientes {/}
UI_20150317_000291	{@st59}Fechar janela de criação de item {/}
UI_20150317_000292	{@st43}{s22}Dividir item
UI_20150317_000293	{@st59}Insira a quantidade{/}
UI_20150317_000294	Barra de HP do monstro
UI_20150317_000295	{@st44}Conjunto de item adquirido{/}
UI_20150317_000296	Teclado Guerreiro
UI_20150317_000297	Kiel
UI_20150317_000298	99 minutos 99 segundos
UI_20150317_000299	38000 pontos
UI_20150317_000300	Poção de Velocidade aprimorada
UI_20150317_000301	{@st41}OK {/}
UI_20150317_000302	{@st59b} Registro de Aventuras {nl}{@st59s}- O seu progresso no jogo é registrado no Registro de Aventuras {nl} - Consiga informações com itens, monstros, forjando, explorando o mapa e com progresso no jogo {nl}    Índice de Aventuras : Conjunto de todos os índices {nl}    Personagem : 5 pontos por level e level de classe {nl}    Item : Equipamento: Level X 10 pontos, Livro : 10 pontos, Outros : 1 ponto {nl}    Monstros : 10 pontos por monstro (Chefes: 50 pontos) {nl}    Mapa : 1 ponto a cada 10% descoberto {nl}    Quests: 1 ponto por quest {nl}    Conqusitas: Varia por conquista {nl}    Criação : 10 pontos {nl}    Coleção : Deck 5 pontos, 45 points quando completo {nl} - Receba recompensas do NPC na cidade dependendo do seu Índice de Aventuras {/}
UI_20150317_000303	{@sti7}{s22}{ds}Conquistas{/}
UI_20150317_000304	{@st42b}{#22FF22} Bom 10% / %s Points{/}
UI_20150317_000305	{@st42b} Mediano / %s Points {/}
UI_20150317_000306	1º / %s Points
UI_20150317_000307	Rank %s
UI_20150317_000308	%s Pontos
UI_20150317_000309	Profissão
UI_20150317_000310	Time
UI_20150317_000311	{@st59}Fechar registro de aventuras{/}
UI_20150317_000312	{@st43}Rankings do registro de aventuras{/}
UI_20150317_000313	{@st43}{s22}Rank   
UI_20150317_000314	{@st43}{s22}Nome
UI_20150317_000315	{@st43}{s22}Pontuação
UI_20150317_000316	{@st41}Detalhes{/}
UI_20150317_000317	{@st43}Começar a criar{/}
UI_20150317_000318	{@st59}Começar a fabricar item.{/}
UI_20150317_000319	{@st44}Teclado{/}
UI_20150317_000320	{@st42}Tempo Limite
UI_20150317_000321	{@st56}Kill{/}
UI_20150317_000322	{@st56}Overkill{/}
UI_20150317_000323	{@st56}Atingido{/}
UI_20150317_000324	{@st56}Morto{/}
UI_20150317_000325	Poder Mágico
UI_20150317_000326	Defesa
UI_20150317_000327	Reistência Mágica
UI_20150317_000328	Taxa de crítico
UI_20150317_000329	{@st43}Encaixes{/}
UI_20150317_000330	{@st59}Fehcar o gerenciador de encaixes{/}
UI_20150317_000331	Por favor insira seus itens
UI_20150317_000332	Potencial
UI_20150317_000333	Custo de encaixe extra : {#ff9933}%s{/}{nl}Custo de extração de gema : {#ff9933}%s{/}
UI_20150317_000334	{@st41b}Adicionar encaixe
UI_20150317_000335	{@st41b}Extrair gema
UI_20150317_000336	{@st41}Criar{/}
UI_20150317_000337	{@st41}%s %s ea
UI_20150317_000338	Mapa da área
UI_20150317_000339	Área Explorada : 95.5%
UI_20150317_000340	{@st45tw}Área Explorada %s% {/}
UI_20150317_000341	{@st59}Fechar o Mapa (M){/}
UI_20150317_000342	{@st41}Mapa{/}
UI_20150317_000343	Shift(clear), Ctrl(mid fill)
UI_20150317_000344	{ol}Título
UI_20150317_000345	{@st41}Adicionar{/}
UI_20150317_000346	{@st41}Deletar{/}
UI_20150317_000347	{@st41}Salvar{/}
UI_20150317_000348	{@st41}Auto{/}
UI_20150317_000349	{@st41}Resetar{/}
UI_20150317_000350	{@st59}Definir quantidade.{/}
UI_20150317_000351	{ol}Grupo
UI_20150317_000352	{ol}Mensagem
UI_20150317_000353	{ol}Som
UI_20150317_000354	{@st41}Criar Minimapa{/}
UI_20150317_000355	{@st55}Mapa da Área
UI_20150317_000356	{@st43}{s22}Mercado{/}
UI_20150317_000357	Mercado {@st43} {s24} {/}
UI_20150317_000358	{@st42b}Grupo{/}
UI_20150317_000359	{@st42b}Tipo{/}
UI_20150317_000360	{@st42b}Equipar Lv.{/}
UI_20150317_000361	{@st42b}Aprimorar{/}
UI_20150317_000362	{@st42b}Nome
UI_20150317_000363	{@st41b}Item Cabinet%s
UI_20150317_000364	{@st41b}Vender
UI_20150317_000365	{@st41b}Pesquisar
UI_20150317_000366	{@st59}Fechar janela de mercado{/}
UI_20150317_000367	{@st42b}Organizar por
UI_20150317_000368	{@st41b}Itens à venda
UI_20150317_000369	{@st43}{s22}Item Cabinet
UI_20150317_000370	{@st41b}Receber tudo
UI_20150317_000371	{@st41b} Item que deve ser recebido
UI_20150317_000372	{@st43}{s22}Vender
UI_20150317_000373	{@st42b}Qtd.
UI_20150317_000374	{@st42b}Preço
UI_20150317_000375	{@st42b}Esconder nome do vendedor{/}
UI_20150317_000376	{@st41b}Registrar
UI_20150317_000377	Moeda de Cerco
UI_20150317_000378	Alguém matou alguém
UI_20150317_000379	{@st43}Minigames{/}
UI_20150317_000380	{@st49}Disparar catapulta{/}
UI_20150317_000381	{@st44}Controle de direção{/}
UI_20150317_000382	{@st44}Disparar{/}
UI_20150317_000383	Minigame
UI_20150317_000384	{s18}{ol}{gr gradation1}Minigame de Esconde-Esconde{/}
UI_20150317_000385	{s16}Gostaria de participar dos minigames?
UI_20150317_000386	{s16}Participantes : (0/5)
UI_20150317_000387	{s16}Participantes : (%s /%s)
UI_20150317_000388	{s16}O jogo vai começar em 1 segundo.
UI_20150317_000389	{s16}O jogo começa em %s segundos.
UI_20150317_000390	{@st59}Zoom{/}
UI_20150317_000391	{@st59}Distanciar{/}
UI_20150317_000392	{@st59}Mapa (M){/}
UI_20150317_000393	{@st42b} mapa da Área
UI_20150317_000394	{@st44}Sintetizador de itens{/}
UI_20150317_000395	{s16}{#FFcc66}{ol}Por favor selecione o item que você quer criar{/}{/}
UI_20150317_000396	{s16}{#FFcc66}{ol}Arraste os ingredientes nos slots
UI_20150317_000397	{@st42}Criar{/}
UI_20150317_000398	{@st42} Cancelar {/}
UI_20150317_000399	Informação de %s
UI_20150317_000400	Kepa ou ...
UI_20150317_000401	{@st41}{Detalhes}
UI_20150317_000402	{s20}{#050505}Descrição de monstro Descrição de monstro Descrição de monstro Descrição de monstro
UI_20150317_000403	{@st41} Kill {/}
UI_20150317_000404	{@st41} Overkill {/}
UI_20150317_000405	{@st41} Kill Normal {/}
UI_20150317_000406	{@st41} Área {/}
UI_20150317_000407	{@st41} Item {/}
UI_20150317_000408	{@st41} Conquista {/}
UI_20150317_000409	Objeto
UI_20150317_000410	{@st43}Necronomicon{/}
UI_20150317_000411	{@st59}Fechar UI do Necronomicon{/}
UI_20150317_000412	{@st59}Estou muito cansado pra pensar.{/}
UI_20150317_000413	Invocando Item : {#ffcc33}%s{/}
UI_20150317_000414	Harpia Zombi
UI_20150317_000415	Skill : %s
UI_20150317_000416	Skill 1, Skill 2
UI_20150317_000417	Fragmentos necessários : %s
UI_20150317_000418	Besta 60 / Inseto 20/ Mutante 10
UI_20150317_000419	Número de fragmentos
UI_20150317_000420	Partes 1
UI_20150317_000421	Partes 2
UI_20150317_000422	Partes 3
UI_20150317_000423	Parabéns! Seu level aumentou.
UI_20150317_000424	Alerta de itens
UI_20150317_000425	{@st64}Detalhes{/}
UI_20150317_000426	Como jogar
UI_20150317_000427	{@st42}{b}      Mova o personagem para as quatro direções{/}
UI_20150317_000428	{@st42}{b}      Usar ataque básico{/}
UI_20150317_000429	{@st42}{b}         Pular parado {nl}          ou em movimento{/}
UI_20150317_000430	{@st42}{b}Use duas teclas ao mesmo tempo para se mover diagonalmente{/}
UI_20150317_000431	Ferramenta de névoa de mapa
UI_20150317_000432	Ferramenta para matar monstros
UI_20150317_000433	Ferramenta para fazer o minimapa
UI_20150317_000434	Ferramenta de diálogo
UI_20150317_000435	{@st43}Configurações do GM{/}
UI_20150317_000436	{@st59}Fechar informação de grupo{/}
UI_20150317_000437	{@st59b} Informação de Grupo {nl} {@st59s} - Clique em "criar grupo" abaixo para criar seu próprio grupo {nl} - Clique com o botão direito nos outros jogadores para convidá-los {nl} - Mude as configurações do grupo na aba configurações {nl} - Aplicar condições para pesquisar por membros na Lista de Grupos Pública {/}
UI_20150317_000438	{@st43}Informação do Grupo{/}
UI_20150317_000439	{@st41b}Membros{/}
UI_20150317_000440	{@st41b} Evento do Grupo {/}
UI_20150317_000441	{@st41b}Configurações{/}
UI_20150317_000442	{@st41}Membros{/}
UI_20150317_000443	{@st41}Condições para se juntar ao grupo
UI_20150317_000444	{@st41b}Público
UI_20150317_000445	{@st41b}Privado
UI_20150317_000446	Level                                ~
UI_20150317_000447	{@st41}Distribuição de Itens
UI_20150317_000448	{@st41b}Adquirir separadamente
UI_20150317_000449	{@st41b}Adquirir em ordem
UI_20150317_000450	{@st41b}Aleatório
UI_20150317_000451	{@st41}Distribuição de EXP
UI_20150317_000452	{@st41b}Separadamente
UI_20150317_000453	{@st41b}Distribuição igual
UI_20150317_000454	{@st41b}Por level
UI_20150317_000455	{@st41}Compartilhar quest
UI_20150317_000456	{@st41b}Permitir
UI_20150317_000457	{@st41b}Negar
UI_20150317_000458	{@st41b}Criar grupo
UI_20150317_000459	{@st43} Lista de Grupos Públicos {/}
UI_20150317_000460	{@st59b} Lista de Grupos Públicos {nl} {@st59s} - Procure por grupos que você queira se juntar {nl} - Personalise a pesquisa para pesquisar pelo grupo que quer {/}
UI_20150317_000461	{@st59}Fechar Lista de Grupos{/}
UI_20150317_000462	Utilizar opções de pesquisa
UI_20150317_000463	Compartilhar Quest 
UI_20150317_000464	Distribuição de EXP
UI_20150317_000465	Distribuição de Itens
UI_20150317_000466	{@st43}Convidar
UI_20150317_000467	{@st41b}Convidar{/}
UI_20150317_000468	{s18}{ol}{gr gradation1}Regras de logout do PC{/}
UI_20150317_000469	{ol}Condições para aplicar regras
UI_20150317_000470	{ol}Ação para aplicar regras
UI_20150317_000471	Insira um nome para a regra
UI_20150317_000472	{Gr gradation1}Registração{/}
UI_20150317_000473	Regras de registro
UI_20150317_000474	{Gr gradation1}Cancelar{/}
UI_20150317_000475	Cancelar ação
UI_20150317_000476	{@st43}Informação de mascote
UI_20150317_000477	{@st59b} Informação de mascote {nl} {@st59s} - O botão dormir / atividade pode ser incluso no menu do mascote {nl} - características do mascote, items attached to timers {/}
UI_20150317_000478	{@st59}Fechar informações de mascote{/}
UI_20150317_000479	{@st41b}Nome : {@sti9}%s{/}
UI_20150317_000480	Amizade{@sti9}%s{@st41b} : {@sti9}%s {@st41b}Level{/}
UI_20150317_000481	EXP {@st41b} {/}
UI_20150317_000482	{@st41b} Estamina {/}
UI_20150317_000483	Intimidade {@st41b} {/}
UI_20150317_000484	{@st41b}Atributos e Informações
UI_20150317_000485	{@st43}Mascote{/}
UI_20150317_000486	{@st59b} mascote {nl} {@st59s} - clique em um item na lista para ver informações {/}
UI_20150317_000487	{@st59}Fechar janela de Mascote{/}
UI_20150317_000488	{@st59}Fechar janela de ajuda{/}
UI_20150317_000489	{@st59}Ajuda{nl} - Aprenda mais{nl} - Para ver outros tópicos, selecione um na Lista de Ajuda{/}
UI_20150317_000490	{@st43}Ajuda{/}
UI_20150317_000491	Tópicos de Ajuda
UI_20150317_000492	{ol}{#AAAA00}{s16}Tempo decorrido : %s
UI_20150317_000493	{@st43}Jarro de veneno{/}
UI_20150317_000494	{@st59}Fechar UI do Jarro de Veneno{/}
UI_20150317_000495	{@st59}Precisa escrever{/}
UI_20150317_000496	Quantidade de Veneno: %s
UI_20150317_000497	Itens que podem ser utilizados para fazer veneno
UI_20150317_000498	Selecionar todos
UI_20150317_000499	Clique novamente para desabilitar todos
UI_20150317_000500	Criando
UI_20150317_000501	misturar, mixar e misturar
UI_20150317_000502	{@st43}Categoria{/}
UI_20150317_000503	{@st43}Eu{/}
UI_20150317_000504	{@st43}Objeto{/}
UI_20150317_000505	{@st43}Level{/}
UI_20150317_000506	{@st43}Dinheiro{/}
UI_20150317_000507	{@st43}Grau{/}
UI_20150317_000508	{@st43}Taxa de vitórias PvP{/}
UI_20150317_000509	{@st59}Fechar Janela{/}
UI_20150317_000510	{@sti5}Total da compra: %s{/}
UI_20150317_000511	{@sti5}Quantidade total : %s{/}
UI_20150317_000512	{@st41b} Comprar
UI_20150317_000513	{@st43} Adquiriu ingredientes para fabricar itens!
UI_20150317_000514	{@st43}Magnum Opus{/}
UI_20150317_000515	{@st41}Excluir tudo
UI_20150317_000516	
UI_20150317_000517	{@st41}Combinação
UI_20150317_000518	{@st43}Quest{/}
UI_20150317_000519	Quest {@st59b} {nl}{@st59s}- Registre para saber quando há uma nova quest! {nl} - Amarelo para quests principais, Azul para side-quest {nl} - A seta nos pés do personagem direciona para a quest {nl} - Ícone de 'Retorno' aparece quando a quest é finalizada {nl}    (Teleporte-se para o NPC da quest usando backspace ou clique do mouse) {nl} - Selecione o campo na frente do nome da quest para adicionar/remover do registro do quest {/}
UI_20150317_000520	{@st41b}Em Progresso{/}
UI_20150317_000521	{@st41b}Abandonar{/}
UI_20150317_000522	{@st43}{s22}Informações da Quest{/}
UI_20150317_000523	Missão Completa
UI_20150317_000524	{@st41}Completo{/}
UI_20150317_000525	Informações de progressão da quest
UI_20150317_000526	{s18}{ol}Informações da Quest
UI_20150317_000527	{S16}Tempo restante
UI_20150317_000528	Usar item de quest
UI_20150317_000529	Dica da quest
UI_20150317_000530	{@st41}OK{/}
UI_20150317_000531	{@st43}{s22}Quest Completa{/}
UI_20150317_000532	{@st41b}Completo {/}
UI_20150317_000533	{@st41}Aceitar{/}
UI_20150317_000534	{@st41}Recusar{/}
UI_20150317_000535	{@st44}Voltar{/}
UI_20150317_000536	Para qual quest você gostaria de voltar?
UI_20150317_000537	{@st41b}Nome da classe da quest{/}
UI_20150317_000538	{@st59}Expandir slot {/}
UI_20150317_000539	{@st59}Reduzir slot{/}
UI_20150317_000540	
UI_20150317_000541	{@st44}Menu{/}
UI_20150317_000542	{@st60}Selecionar Personagem{/}
UI_20150317_000543	{@st60}Log Out{/}
UI_20150317_000544	{@st60}Sair do Jogo{/}
UI_20150317_000545	{@st60}Configurações do jogo{/}
UI_20150317_000546	{@st60}Voltar{/}
UI_20150317_000547	{@st41}Pular Tutorial{/}
UI_20150317_000548	{@st41}Selecionar Personagem{/}
UI_20150317_000549	{@st41}Log Out{/}
UI_20150317_000550	{@st41}Sair do Jogo{/}
UI_20150317_000551	{@st41}Voltar{/}
UI_20150317_000552	{@st43}{s22}Preparar Raid!
UI_20150317_000553	{@st41b}Monstros estão se aproximando dos arredores do castelo. Só você pode resolver esse problema.
UI_20150317_000554	{@st43}{s22}Configurações do Jogo{/}
UI_20150317_000555	{@sti7}Procurando grupo para raid..{/}
UI_20150317_000556	{@st41b}Cancelar participação
UI_20150317_000557	{@st41b}Vou tentar resolver!
UI_20150317_000558	{@st41b}Eu não acho que posso ajudar agora...
UI_20150317_000559	{@sti7}{s24}Selecione a recompensa da raid{/}
UI_20150317_000560	{@st42b}Tempo restante {@st43}%s{@st42b} segundos{/}
UI_20150317_000561	{@st41b}Aumentar número de seleções
UI_20150317_000562	{@43b}{s22} Nº. de vezes selecionadas : {@st43}%s{/}
UI_20150317_000563	shadow_box tentativeremoval
UI_20150317_000564	{@st43}Ranking{/}
UI_20150317_000565	{@st59}Fechar Janela de Ranking{/}
UI_20150317_000566	{@st41}Top 100 Caçadores de monstros{/}
UI_20150317_000567	{@st41}Top 100 Dano{/}
UI_20150317_000568	{@st41}Top 100 Dinheiro{/}
UI_20150317_000569	{@st41}Top 100 Level Up{/}
UI_20150317_000570	{@st41b}Menu{/}
UI_20150317_000571	{@st43}{s22}Aprimorar item{/}
UI_20150317_000572	{@st41b}Item a ser aprimorado
UI_20150317_000573	{@st41b}Bigorna
UI_20150317_000574	{@st41}{s20}Contador de golpes na bigorna :{@st43} %s
UI_20150317_000575	{@st41} {s20}Preço : %s
UI_20150317_000576	{@st41b}Aprimorar{/}
UI_20150317_000577	{@st59}Começar aprimoramento de item.{/}
UI_20150317_000578	{@st59}Fechar Aprimoramento de item{/}
UI_20150317_000579	Tem certeza que deseja aprimorar os itens {@st41b} {@sti9}%s ea {/} selecionados?{/}
UI_20150317_000580	{@st43}Aprimorar
UI_20150317_000581	{@st44}Aprimorar item{/}
UI_20150317_000582	{S24}{b}{#000000}Aprimoramento completo!
UI_20150317_000583	{@st41}Aprimorar novamente{/}
UI_20150317_000584	{@st41}Fechar{/}
UI_20150317_000585	{s18}{ol}{gr gradation1}Reparar Equipamento{/}
UI_20150317_000586	Equipmento usado
UI_20150317_000587	Equipmento em posse
UI_20150317_000588	{Gr gradation1}Selecionar tudo{/}
UI_20150317_000589	Selecionar tudo
UI_20150317_000590	{Gr gradation1}Reparar{/}
UI_20150317_000591	{@st43}Reparar{/}
UI_20150317_000592	Lista de itens para reparo
UI_20150317_000593	{@st41b}Custo do reparo{/}
UI_20150317_000594	{@st41b}Balanço esperado{/}
UI_20150317_000595	{@st41b}Reparar equipamento{/}
UI_20150317_000596	Repair o equipamento selecionado.
UI_20150317_000597	{@st59}Fechar reparação de item{/}
UI_20150317_000598	{@st43}Reparar Item{/}
UI_20150317_000599	{@st41}Lista de itens para reparar{/}
UI_20150317_000600	{@st44}Reparar item{/}
UI_20150317_000601	{@st42}Reparar{/}
UI_20150317_000602	{@st59}Reparar com as configurações atuais{/}
UI_20150317_000603	{@st59}Não reparar{/}
UI_20150317_000604	{@st44}Continuar{/}
UI_20150317_000605	{@st41b}Você está {/}{s20}{#cc6600}{ol} incapaz de lutar{/}{@st41b}{/}
UI_20150317_000606	{@st41b}Renascer no ponto de retorno mais próximo{/}
UI_20150317_000607	{@st41b} Renascer aqui (%s Moedas necessárias) {/}
UI_20150317_000608	{@st41b}Voltar ao campo{/}
UI_20150317_000609	{@st41b}Abandonar quest e recomeçar{/}
UI_20150317_000610	{@st41b}Tentar novamente{/}
UI_20150317_000611	Santuário da Ressurreição (70031)
UI_20150317_000612	Esse item foi adquirido.
UI_20150317_000613	Atalho de Descanço
UI_20150317_000614	{@st43}Caixa de diálogo{/}
UI_20150317_000615	Nome temporário
UI_20150317_000616	{@st41b} {s18} falta de espaço no inventário
UI_20150317_000617	O inventário está cheio, você não pode pegar o item, por favor organize o {nl} inventário.
UI_20150317_000618	{@st44}Conjunto de item adquirido!{/}
UI_20150317_000619	Por favor selecione um item
UI_20150317_000620	{@st59b} loja {nl} {@st59s} - Se você quiser comprar um item, click-direito no item para adiciona-lo a compra {nl} - Clique-direito duas vezes para vender tudo de uma vez{/}
UI_20150317_000621	{@st59}Fechar loja{/}
UI_20150317_000622	{@st59}Primeira página{/}
UI_20150317_000623	{@st59}Próxima página{/}
UI_20150317_000624	{@st59}Última página{/}
UI_20150317_000625	{@st41b}Resetar{/}
UI_20150317_000626	{@st59}Resetar carrinho de compras{/}
UI_20150317_000627	{@st41b}Confirmar{/}
UI_20150317_000628	{@st59}Confirmar transação{/}
UI_20150317_000629	{@st43}Loja{/}
UI_20150317_000630	{@st41b}Itens que serão comprados{/}
UI_20150317_000631	{@st41b}Itens que serão vendidos{/}
UI_20150317_000632	{@st41b}Preço{/}
UI_20150317_000633	{@st41b}Balanço{/}
UI_20150317_000634	{@st41b}Meus itens vendidos{/}
UI_20150317_000635	{@st41}Espaços vazios{/}
UI_20150317_000636	{@st43}Total{/}
UI_20150317_000637	{@st41}Estabelecer transação{/}
UI_20150317_000638	{@st41}Balanço esperado{/}
UI_20150317_000639	{@st41}Itens comprados{/}
UI_20150317_000640	{@sti1c}Simony
UI_20150317_000641	{@st41}Habilidades de fabricação
UI_20150317_000642	{@st42}Level %s{/}
UI_20150317_000643	Custos de fabricação
UI_20150317_000644	Quantidade de fabricação
UI_20150317_000645	Aproximadamente %s segundos consumidos
UI_20150317_000646	{@st41}Criar
UI_20150317_000647	{@st43}Habilidades e atributos de classe{/}
UI_20150317_000648	{@st59}Fechar habilidades e atributos de classe{/}
UI_20150317_000649	{@st59b}Classe {nl}{@st59s}- Aumente os círculo de classe para ganhar mais habilidades {nl} - Selecione 3 classes quando avançar da 1ª para 2ª classe {nl} - Avance para a mesma classe até três vezes {nl} - Não é possível retornar à classe anterior após mudar de classe {nl} - Consuma todos os pontos de habilidade para avançar {nl} - Pode-se escolher a mesma classe {nl} {nl} {@st59b}Habilidade {nl}{@st59s}- Cada habilidade de rank pode ser aumentada até c5 vezes {nl} - Atributos adquiridos de monstros podem ser visualizados abaixo das habilidades {/}
UI_20150317_000650	{@st41b}Aplicar{/}
UI_20150317_000651	{@st59}Aplicar pontos de habilidade{/}
UI_20150317_000652	Clérigo
UI_20150317_000653	{@st59}Cancelar distribuição de pontos{/}
UI_20150317_000654	Aprendendo{#ff4400}%s (%slevel){/}...
UI_20150317_000655	Psychohassle
UI_20150317_000656	%s minutos restantes
UI_20150317_000657	{@st43}Pose{/}
UI_20150317_000658	{@st59}Fechar pose{/}
UI_20150317_000659	{@st41}Anúncio{/}
UI_20150317_000660	{@st41}Trocar{/}
UI_20150317_000661	{@st41}Funções sociais{/}
UI_20150317_000662	{@st41b}Escrever{/}
UI_20150317_000663	{@st41}Registrar{/}
UI_20150317_000664	{@st59}Registrar post{/}
UI_20150317_000665	{@st41}Criar Minha Página{/}
UI_20150317_000666	{@st59}Publicar Minha Página{/}
UI_20150317_000667	{@st59}Escreva saudações{/}
UI_20150317_000668	{@st41b}1. Menu{/}
UI_20150317_000669	{@st41}Visitar{/}
UI_20150317_000670	{@st59}Visitar Minha Página{/}
UI_20150317_000671	{@st41}Vender{/}
UI_20150317_000672	{@st59}Vender item{/}
UI_20150317_000673	{@st43}Casa{/}
UI_20150317_000674	{@st59}fechar casa{/}
UI_20150317_000675	{@st41}Ver tudo{/}
UI_20150317_000676	{@st41}Criar mapa{/}
UI_20150317_000677	{@st41}%s/min (%s em mãos){/}
UI_20150317_000678	Teclado Guerreiro
UI_20150317_000679	{@st42}%s{/}{@st42_yellow}Level{/}
UI_20150317_000680	{@st41_yellow}Tempo de contrato
UI_20150317_000681	{@st43}Graffiti{/}
UI_20150317_000682	{@st59}Fechar Spray{/}
UI_20150317_000683	{@st41b}Dica: Desenhe uma imagem no quadro abaixo{/}
UI_20150317_000684	{@st41b}Cores{/}
UI_20150317_000685	{@st41b}Quantidade{/}
UI_20150317_000686	{@st41b}Pincel{/}
UI_20150317_000687	{@st43}Desenhar{/}
UI_20150317_000688	{@st59}Desenhar a imagem completa no chão.{/}
UI_20150317_000689	{@st41b}{a SAVE_EDIT_SPRAY}Salvar{/}{/}
UI_20150317_000690	{@st59}Salvar desenhos{/}
UI_20150317_000691	{@st41b}{a LOAD_EDIT_SPRAY}Carregar{/}{/}
UI_20150317_000692	{@st59}Carregar imagens que você desenhou.{/}
UI_20150317_000693	{@st59}Cor 1 selecionada{/}
UI_20150317_000694	{@st59}Cor 2 selecionada{/}
UI_20150317_000695	{@st59}Lista de cores{/}
UI_20150317_000696	{@st59}Pincel selecionado{/}
UI_20150317_000697	{@st59}Pincel 1{/}
UI_20150317_000698	{@st59}Pincel 2{/}
UI_20150317_000699	{@st59}Pincel 3{/}
UI_20150317_000700	{@st59}Pincel 4{/}
UI_20150317_000701	{@st59}Pincel 5{/}
UI_20150317_000702	{@st59}Pincel 6{/}
UI_20150317_000703	{@st49}Pessoas que gostaram disso{/}
UI_20150317_000704	{s20}{#050505}Descreva
UI_20150317_000705	{@st41} Todos {/}
UI_20150317_000706	{@st41} Grupo {/}
UI_20150317_000707	{@st41} Monstro {/}
UI_20150317_000708	{@st41b}{#f0dcaa}Pontos de atributos restantes ▶ {@st46}%s
UI_20150317_000709	{@st59b}Minhas informações{nl}{@st59s}- Atributos : Ganhe pontos subindo de level e os use para aprimorar 5 atributos. {nl}- Informação : Informação baseada nos atributos e equipamentos atuais {nl}- Título : Pode ser adquirido completando missões {nl} {/}
UI_20150317_000710	{@st41b}Informação{/}
UI_20150317_000711	{@st41b}Título{/}
UI_20150317_000712	Mostrar classe
UI_20150317_000713	Mostrar nome de personagem
UI_20150317_000714	{@st59}Mudar nome do personagem{/}
UI_20150317_000715	{@st41b}Aplicar
UI_20150317_000716	{@st59}Usar pontos de atributos{/}
UI_20150317_000717	{@st41b}Cancelar
UI_20150317_000718	{@st59}Cancelar distribuição de atributos{/}
UI_20150317_000719	Nome do PC
UI_20150317_000720	{@st41_yellow}Level: {@st41}%s{/}
UI_20150317_000721	{@st41_yellow}Habilidades de Mercenário
UI_20150317_000722	{@st43}Efeitos de ataque{/}
UI_20150317_000723	{@st43}Efeitos de defesa{/}
UI_20150317_000724	{@st43}Status{/}
UI_20150317_000725	systemmenu_vertical tentative removal
UI_20150317_000726	{@st59}Informação do personagem (F1){/}
UI_20150317_000727	{@st59}Inventário (F2){/}
UI_20150317_000728	{@st59}Classe e Habilidades (F3){/}
UI_20150317_000729	{@st59}Registro de Aventuras (F4){/}
UI_20150317_000730	{@st59}Quest (F5){/}
UI_20150317_000731	{@st59}Grupo (F6){/}
UI_20150317_000732	{@st59}Amigos (F7){/}
UI_20150317_000733	{@st59} Macro (F8) {/}
UI_20150317_000734	{@st59} Mascote (F9) {/}
UI_20150317_000735	{@st59} Ajuda (F10) {/}
UI_20150317_000736	{@st59}Menu do sistema (Esc){/}
UI_20150317_000737	{@st59}Necronomicon{/}
UI_20150317_000738	Ajuda(F1)
UI_20150317_000739	Conteúdo
UI_20150317_000740	Ver detalhes
UI_20150317_000741	{@st43}Configurações do jogo{/}
UI_20150317_000742	{@st43}Jogo{/}
UI_20150317_000743	{@st41b}Mostrar EXP adquirida{/}
UI_20150317_000744	{@st41b}Mostrar nome do personagem{/}
UI_20150317_000745	{@st41b} Mostrar apenas o nome do time {/}
UI_20150317_000746	{@st41b}Mostrar guia de quests{/}
UI_20150317_000747	{@st43}Tela{/}
UI_20150317_000748	{@st43}Gráficos{/}
UI_20150317_000749	{@st41b}Tela cheia{/}
UI_20150317_000750	{@st41b}Modo janela{/}
UI_20150317_000751	{@st43}Som{/}
UI_20150317_000752	{@st41b}Volume dos efeitos sonoros (%s){/}
UI_20150317_000753	{@st41b}Volume da música (%s){/}
UI_20150317_000754	{@st41b}Volume (%s){/}
UI_20150317_000755	{@ St43}{b}             Selecione o idioma {/}{/}
UI_20150317_000756	{@st59}Fechar configurações{/}
UI_20150317_000757	Menor modo {@st41b} {/}
UI_20150317_000758	{@st41b}Ver{/}
UI_20150317_000759	{@st59}Créditos{/}
UI_20150317_000760	Janela de Buffs
UI_20150317_000761	{@st46}imagem da IMC
UI_20150317_000762	{@st46}%s imagem
UI_20150317_000763	{@st46}Curtir
UI_20150317_000764	{@st46}Reportar
UI_20150317_000765	{@st46}Use preservativos
UI_20150317_000766	{@st46}Remover Imagem
UI_20150317_000767	Alucinação da Neve
UI_20150317_000768	Bouquet
UI_20150317_000769	{@st41} Presentes
UI_20150317_000770	Por favor insira a quantidade.
UI_20150317_000771	{@st53b}%s Vitórias %s Derrotas
UI_20150317_000772	{@st42}Programação de hoje
UI_20150317_000773	{@st53}Para começar :
UI_20150317_000774	{@st53b}Presentes recebidos : %s ea
UI_20150317_000775	{@st43b}Mandar presente para %s{/}
UI_20150317_000776	{@st55_a}Próximo jogo
UI_20150317_000777	{@st53}- Clique no nome para assistir{nl}- Botão direito para enviar presentes
UI_20150317_000778	Meu personagem como câmera
UI_20150317_000779	{@st55_a}Parabéns!
UI_20150317_000780	{@st42}Mudar câmera
UI_20150317_000781	{@st44}Registro de aventuras{/}
UI_20150317_000782	{@st59}Mudar configurações de visualização{/}
UI_20150317_000783	{@st41} Estatísticas {/}
UI_20150317_000784	{@st41 }Fabricar {/}
UI_20150317_000785	{@st41} Caçar {/}
UI_20150317_000786	{@st41} Ajuda {/}
UI_20150317_000787	{@st44}Página da Wiki{/}
UI_20150317_000788	{@st42}Informação{/}
UI_20150317_000789	{@st42}Detalhes{/}
UI_20150317_000790	{@st42}Combate{/}
UI_20150317_000791	{@st42}Adquirir{/}
UI_20150317_000792	{@st59}Fechar página{/}
UI_20150317_000793	{@st43}Campo de batalha
UI_20150317_000794	{@st59}Fechar campo de batalha.
UI_20150317_000795	(Bronze 3)
UI_20150317_000796	{@sti8}Pontos adquiridos hoje : {nl}%s{/}
UI_20150317_000797	{@st41}Loja de pontos
UI_20150317_000798	{@st41}Rankings
UI_20150317_000799	{@st42}Horários do campo de batalha
UI_20150317_000800	{@st42}Eventos recentes
UI_20150317_000801	{@st41}Receber EXP
UI_20150317_000802	{@st41}Página de PVP
UI_20150317_000803	{@st41}Pesquisar
UI_20150317_000804	{@st43}Rankings do Campo de Batalha
UI_20150317_000805	{@st59}Fechar Rankings do Campo de Batalha
UI_20150317_000806	{@st56}Nome da habilidade{/}
UI_20150317_000807	{@st41}Verificar coordenadas{/}
UI_20150317_000808	{@st41}Encontrar{/}
UI_20150317_000809	{@st42b}Configurar regeneração de monstro{/}
UI_20150317_000810	{@st42b}Lista de monstros{/}
UI_20150317_000811	{@st42b}Criar UI{/}
UI_20150317_000812	{@st42b}Névoa do Mapa{/}
UI_20150317_000813	{@st42b}Criar Mapa{/}
UI_20150317_000814	{@st42b}Criar Minimapa{/}
UI_20150317_000815	{@st42b}Diálogo {/}
UI_20150317_000816	{@st42b}Mudar recompensas de quest{/}
UI_20150317_000817	{@st42b}Regeneração de grupo{/}
UI_20150317_000818	{@st42b}Mudar localização de mapa{/}
UI_20150317_000819	{@st42b}mapa de habilidades{/}
UI_20150317_000820	{@st42b}Lista de eventos{/}
UI_20150317_000821	{@st42b}Checar coordenadas{/}
UI_20150317_000822	{@st42b} Checar XAC, textura{/}
UI_20150317_000823	{@st42b}Performance ONOFF{/}
UI_20150317_000824	Lista de Diálogo
UI_20150317_000825	Pesquisar.
UI_20150317_000826	{@st41}Prévia{/}
UI_20150317_000827	{@st41}Desligado{/}
UI_20150317_000828	{@st41}Remover{/}
UI_20150317_000829	{@st41}Salvar tudo{/}
UI_20150317_000830	{@st41}Aplicar imagem{/}
UI_20150317_000831	{#FFFFFF}{ds}Selecionar Evento
UI_20150317_000832	{#FFFFFF}{ds}Editar Evento
UI_20150317_000833	{ol}Lista
UI_20150317_000834	TO nome do grupo para salvar
UI_20150317_000835	{@st42}Criar novo{/}
UI_20150317_000836	{@st41}Regeneração de grupo{/}
UI_20150317_000837	{@st59}Insira o nome do monstro para pesquisar{/}
UI_20150317_000838	{@st59}Insira o nome do grupo para salvar{/}
UI_20150317_000839	{@st41}Novo grupo{/}
UI_20150317_000840	Filtrando
UI_20150317_000841	{@st59}Inserir filtro{/}
UI_20150317_000842	{ol}Valor da propriedade
UI_20150317_000843	Lista de Classes
UI_20150317_000844	Aplicar no XML
UI_20150317_000845	{#FFFFFF}{ds}Registro
UI_20150317_000846	{#FFFFFF}{ds}Ver todas as propriedades
UI_20150317_000847	Insira a palavra para pesquisa
UI_20150317_000848	Todos os valores de atributo
UI_20150317_000849	{ol}Nome
UI_20150317_000850	{ol}Valor
UI_20150317_000851	Log
UI_20150317_000852	{ol}Revisão
UI_20150317_000853	{ol}Log
UI_20150317_000854	Lista de Classe
UI_20150317_000855	XML Conversação
UI_20150317_000856	{ol}Nome da Classe
UI_20150317_000857	{ol}Nome da Propriedade
UI_20150317_000858	{ol}Valor Alterado
UI_20150317_000859	{ol}Aplicar
UI_20150317_000860	Abrir Pasta
UI_20150317_000861	Checar tudo
UI_20150317_000862	História
UI_20150317_000863	Valor de Retorno
UI_20150317_000864	{ol}Selecionar Item
UI_20150317_000865	Coloque o nome que deseja procurar
UI_20150317_000866	{@st42} OK {/}
UI_20150317_000867	{@st41}Criar UI{/}
UI_20150317_000868	{ol}Frame
UI_20150317_000869	{@st41}Frame{/}
UI_20150317_000870	{@st41}Botão{/}
UI_20150317_000871	{@st41}Texto{/}
UI_20150317_000872	{@st42b}Normal{img btn_close}
UI_20150317_000873	{@st42b}Leilão{img btn_close}
UI_20150317_000874	{@st41}Ativar localização no mapa{/}
UI_20150317_000875	{@st41}Renomear{/}
UI_20150317_000876	{@st59}Coloque as letras que deseja filtrar{/}
UI_20150317_000877	{@st41}Criar{/}
UI_20150317_000878	{@st56}Salvar XML{/}
UI_20150317_000879	{@st56}Resetar{/}
UI_20150317_000880	{@st56}Atributo{/}
UI_20150317_000881	{@st56}Valor{/}
UI_20150317_000882	{@st42}Conteúdo{/}
UI_20150317_000883	{@st41}Desfazer{/}
UI_20150317_000884	{@st41}Salvar tudo{/}
UI_20150317_000885	{@st41}XML Aberto{/}
UI_20150317_000886	{@st42b}Habilidade fixa : 0{/}
UI_20150317_000887	{@st42b}Habilidade fixa : %s{/}
UI_20150317_000888	{@st42b}Mouse homing{/}
UI_20150317_000889	{@st42b}Nome da Habilidade{/}
UI_20150317_000890	{@st41}Lista de mosntros{/}
UI_20150317_000891	{@st41}Gerenciar performance{/}
UI_20150317_000892	{ol}Selecione a quest
UI_20150317_000893	Coloque o nome da quest que deseja procurar
UI_20150317_000894	{ol}Selecione o mapa
UI_20150317_000895	Coloque o nome do mapa que você deseja procurar.
UI_20150317_000896	{@st42}Mapa atual{/}
UI_20150317_000897	{ol}Nome do mapa
UI_20150317_000898	{ol}Coordenadas
UI_20150317_000899	{@st41}Alterar premios da quest{/}
UI_20150317_000900	{@st59}Coloque o nome da quest que deseja procurar{/}
UI_20150317_000901	{@st59}Coloque o nome do item que deseja procurar{/}
UI_20150317_000902	{@st42}EXP
UI_20150317_000903	{ol}Prêmios Básicos
UI_20150317_000904	{ol}Quantidades
UI_20150317_000905	{ol}Premios adicionais
UI_20150317_000906	{@st45}Truques usados com frequencia
UI_20150317_000907	{@st41}Mapa de Habilidades{/}
UI_20150317_000908	{@st42}Capacidade/habilidade{/}
UI_20150317_000909	{@st42}Guerreiro{/}
UI_20150317_000910	{@st42}Mago{/}
UI_20150317_000911	{@st42}Arqueiro{/}
UI_20150317_000912	{@st42}Monge{/}
UI_20150317_000913	{@st42}Sorcerer{/}
UI_20150317_000914	{@st41}Habilidade{/}
UI_20150317_000915	{@st59}Carregar Xml{/}
UI_20150317_000916	{@st41}Carregar{/}
UI_20150317_000917	{@st59}Salvar como xml{/}
UI_20150317_000918	{@st59}Resetar mapa de habilidade aberto{/}
UI_20150317_000919	 {@st41}Resetar{/}
UI_20150317_000920	{@st59}Reset todos os mapas de habilidade{/}
UI_20150317_000921	{@st41}Reset tudo{/}
UI_20150317_000922	{S18}Remover script
UI_20150317_000923	{S18}String argumento
UI_20150317_000924	{s18}string 1 argumento
UI_20150317_000925	{s18}string 2 argumento
UI_20150317_000926	{s18}level máximo de habilidade
UI_20150317_000927	{@st59}Remover tipo de caixa de script{/}
UI_20150317_000928	{@st59}Remover argumento de script{/}
UI_20150317_000929	{@st59}Level máximo de Habilidade{/}
UI_20150317_000930	{@st59}Salvar propriedade{/}
UI_20150317_000931	{@st41}Salvar propriedade{/}
UI_20150317_000932	{@st44}Lista de UI{/}
UI_20150317_000933	{ds}Lista de Addon
UI_20150317_000934	{ds}Lista de frame fixo
UI_20150317_000935	{@st42}Lista de UI{/}
UI_20150317_000936	{@st59}Mostra lista de UI{/}
UI_20150317_000937	{@st42}Ajustar localização{/}
UI_20150317_000938	{@st59}Ajustar localização{/}
UI_20150317_000939	{@st42}Editar propriedade{/}
UI_20150317_000940	{@st59}Editar propriedade{/}
UI_20150317_000941	{@st42}Salvar{/}
UI_20150317_000942	{@st59}Salvar{/}
UI_20150317_000943	{@st44}Ediar as propriedades da UI{/}
UI_20150317_000944	{@St59}Selecionar Personagem{/}
UI_20150317_000945	{@St59}Mudar servidor{/}
UI_20150317_000946	{@St59}Configurações{/}
UI_20150317_000947	{@St59}Sair{/}
UI_20150317_000948	{@st43}Opções do alojamento{/}
UI_20150317_000949	{@st59}Fechar opções do alojamento{/}
UI_20150317_000950	{@St42}{s18}{#f5c384}Nome do time{/}
UI_20150317_000951	{@st59}Coloque o nome do time {/}
UI_20150317_000952	{@st59}Salvar nome do time{/}
UI_20150317_000953	Esclusão provisória
UI_20150317_000954	{@St59}Fechar Decoração da Barraca{/}
UI_20150317_000955	{@St43}Decoração da Barraca{/}
UI_20150317_000956	{@St41b}Tema{/}
UI_20150317_000957	{@St41b}Arranjo de Item{/}
UI_20150317_000958	{@St41b}Nome
UI_20150317_000959	{@St41b}Preço
UI_20150317_000960	{@St41b}Stato
UI_20150317_000961	{@St44}Novo personagem{/}
UI_20150317_000962	{@St41b}{s22}Selecionar classe do personagem{/}
UI_20150317_000963	{@St41b}Voltar{/}
UI_20150317_000964	{@St59}Voltar para o alojamento
UI_20150317_000965	Mudar personagem
UI_20150317_000966	{@St41}Personagem{/}
UI_20150317_000967	{@St59}Rotação horária{/}
UI_20150317_000968	{@St59}Rotação anti-horária{/}
UI_20150317_000969	{@St43b}Rotação de Personagem{/}
UI_20150317_000970	{@st43}Nome do personagem{/}
UI_20150317_000971	Coloque um nome para {@st59} {/}
UI_20150317_000972	{@St43b}Escolha o sexo{/}
UI_20150317_000973	{@St59}Feminino{/}
UI_20150317_000974	{@St59}Masculino{/}
UI_20150317_000975	{@st43b}Escolha o cabelo{/}
UI_20150317_000976	{@st59}Cabelo1{/}
UI_20150317_000977	{@st59}Cabelo2{/}
UI_20150317_000978	{@St59}Cabelo3{/}
UI_20150317_000979	{@st59}Cabelo4{/}
UI_20150317_000980	{@st59}Cabelo5{/}
UI_20150317_000981	{@st59}Cabelo6{/}
UI_20150317_000982	{@st59}Cabelo7{/}
UI_20150317_000983	{@st59}Cabelo8{/}
UI_20150317_000984	{@st59}Cabelo9{/}
UI_20150317_000985	{@st59}Cabelo10{/}
UI_20150317_000986	{@St43b}Selecionar Classe{/}
UI_20150317_000987	{@st59}Espadachim{/}
UI_20150317_000988	{@st59}Mago{/}
UI_20150317_000989	{@st59}Arqueiro{/}
UI_20150317_000990	{@st59}Clerigo{/}
UI_20150317_000991	{@St41b}Visitar barraca{/}
UI_20150317_000992	{@St59}Visitar a barraca de outro jogador.{/}
UI_20150317_000993	{@St41b}Mudar servidor{/}
UI_20150317_000994	{@St59}Vá para a tela de seleção de servidor{/}
UI_20150317_000995	{@St41b}Fechar Jogo{/}
UI_20150317_000996	{@St59}Sair de Tree of Savior{/}
UI_20150317_000997	{@st41b} Selecione o Canal{/}
UI_20150317_000998	{@st43}Entrar{/}
UI_20150317_000999	{@St59}Inicie o jogo com o personagem selecionado{/}
UI_20150317_001000	{@St43}{s26}Nome do time{/}
UI_20150317_001001	{@st59}Nome do time{/}
UI_20150317_001002	{@st41b}Mudar o nome do time{/}
UI_20150317_001003	{@st59} Mude o nome do seu time{/}
UI_20150317_001004	{@St41}Mascote{/}
UI_20150317_001005	Puxar Chat
UI_20150317_001006	{@St44}Novo nome de Diálogo{/}
UI_20150317_001007	{@St42}Mudar{/}
UI_20150317_001008	{@St44}Novo nome de Janela{/}
UI_20150317_001009	{@St43}{s40}{gr gradation4}Criação de Personagem{/}
UI_20150317_001010	{@St59}Criar um personagem{/}
UI_20150317_001011	{@St59}Cancelar criação de personagem{/}
UI_20150317_001012	{@St59}Fechar menu de colocar nome de grupo{/}
UI_20150317_001013	{@St59}Criar time{/}
UI_20150317_001014	{@St43}{s30}{#f0dcaa}Coloque o nome do seu time!
UI_20150317_001015	{@St41b}       O Nome do time representa os seus Personagens.{nl}      É um nome comum usado durante o jogo.{nl}               O nome do time pode ser alterado depois.{/}
UI_20150317_001016	Imagem de carregamento
UI_20150317_001017	Dica
UI_20150317_001018	Dicas de jogo
UI_20150317_001019	Login
UI_20150317_001020	ID da conta
UI_20150317_001021	{@st59}Coloque o ID da sua Conta{/}
UI_20150317_001022	Senha
UI_20150317_001023	{@St59}Entre sua senha{/}
UI_20150317_001024	{@St43}Entrar{/}
UI_20150317_001025	{@St59}Conectar ao servidor selecionado{/}
UI_20150317_001026	{@st41b}Replay{/}
UI_20150317_001027	{@st41b}Modo único{/}
UI_20150317_001028	{@St41b}Sair do Jogo{/}
UI_20150317_001029	Salvar
UI_20150317_001030	{@St59}Se checado, sua conta será salvada{/}
UI_20150317_001031	Servidores
UI_20150317_001032	{@St59}Selecione Servidor{/}
UI_20150317_001033	Titulo de Login
UI_20150317_001034	[Versão Closed Beta]
UI_20150317_001035	Opções
UI_20150317_001036	Faixa de Visão
UI_20150317_001037	{S20}{#BBBBBB}Faixa de Visão
UI_20150317_001038	Faixa de visão :
UI_20150317_001039	Personagem :
UI_20150317_001040	Objetos de Fundo :
UI_20150317_001041	Grama - Topografia (%) :
UI_20150317_001042	Árvore-Topográfica (%) :
UI_20150317_001043	Objetos-Topográficos(%) :
UI_20150317_001044	Sombra
UI_20150317_001045	{S20}{#BBBBBB}Mapa de sombras
UI_20150317_001046	Usar mapa de sombras
UI_20150317_001047	Qualidade da sombra :
UI_20150317_001048	SSAO Uso
UI_20150317_001049	SSAO Metodo :
UI_20150317_001050	SSAO Resolução :
UI_20150317_001051	Reflecção da água
UI_20150317_001052	{s20}{#BBBBBB}Reflecção da água
UI_20150317_001053	Reflecção da água dos personagens
UI_20150317_001054	Reflecção da água de fundo
UI_20150317_001055	{s20}{#BBBBBB}Opções de Brilho
UI_20150317_001056	Uso de brilho
UI_20150317_001057	{@st41}ATK{/}
UI_20150317_001058	{@St41}DEF{/}
UI_20150317_001059	{@st41}AUX{/}
UI_20150317_001060	{@St41}Dificuldade{/}
UI_20150317_001061	{@St41}Cabelo
UI_20150317_001062	{@St41}Ratação
UI_20150317_001063	{@St43}Criar Personagem
UI_20150317_001064	{@St59}Criar um personagem usando o nome acima{/}
UI_20150317_001065	{@St41b}Escolha outro personagem
UI_20150317_001066	{@St59}Escolha um personagem diferente{/}
UI_20150317_001067	Informações do Personagem
UI_20150317_001068	{@t41}Trazer junto
UI_20150317_001069	{@St59}Clique no personagem para o mascote seguir{/}
UI_20150317_001070	UI da Crição de item
UI_20150317_001071	{S24}Nome :
UI_20150317_001072	{S16} STR :
UI_20150317_001073	{S16} HP :
UI_20150317_001074	{S16} AGI :
UI_20150317_001075	{S16} VIT :
UI_20150317_001076	{S16} FOR :
UI_20150317_001077	{S18} Selecionar Classe
UI_20150317_001078	{S18} União de Direita
UI_20150317_001079	{S18} Providência de União Maligna
UI_20150317_001080	Hong Moo Moon
UI_20150317_001081	Dae Do Cheon
UI_20150317_001082	Espadas de Fogo
UI_20150317_001083	Para adenomas hwageuk
UI_20150317_001084	Punção sexo
UI_20150317_001085	Yeonhwagyo
UI_20150317_001086	{S16}Sexo e aparencia
UI_20150317_001087	Masculino
UI_20150317_001088	Feminino
UI_20150317_001089	Ajuste de cabelos
UI_20150317_001090	Ajuste de Chaves
UI_20150317_001091	Largura do ombro
UI_20150317_001092	Tamanho das mãos e dos pés
UI_20150317_001093	Tamanho do corpo
UI_20150317_001094	Tamanho da cintura
UI_20150317_001095	Tamanho do Quadril
UI_20150317_001096	{S18} Samanho da cabeça
UI_20150317_001097	{S14} Ajuste de Peso
UI_20150317_001098	{S14} Largura do ombro
UI_20150317_001099	{S14} Tamanho das mãos e dos pés
UI_20150317_001100	{S14} Tamanho do corpo
UI_20150317_001101	{S14} Tamanho da cintura
UI_20150317_001102	{S14} Tamanho da pelvis
UI_20150317_001103	Valor de pré-opção
UI_20150317_001104	Valor de opção aleatória
UI_20150317_001105	Criar Novo Personagem
UI_20150317_001106	Cancelar criação de Personagem
UI_20150317_001107	{@St43}{s40}{gr gradation4}Iniciar Jogo{/}
UI_20150317_001108	{@St43}{s40}{gr gradation4}Fim do preview{/}
UI_20150317_001109	{@St43}{s40}{gr gradation4}Retornar para a zona{/}
UI_20150317_001110	{@St59}Retornar para a zona.{/}
UI_20150317_001111	{@St41b}Retornar{/}
UI_20150317_001112	{@St59}Retornar para o meu alojamento.{/}
UI_20150317_001113	{@St43}{s24}Nome do Alojamento{/}
UI_20150317_001114	{@St59}Nome do alojamento{/}
UI_20150317_001115	{@st41b}Decorar{/}
UI_20150317_001116	{@St59}Decorar alojamento{/}
UI_20150317_001117	{@St41b}Opções{/}
UI_20150317_001118	{@St59}Configuração da Barraca{/}
UI_20150317_001119	Frame de item customizado
UI_20150317_001120	Verde
UI_20150317_001121	Densidade
UI_20150317_001122	Tipo HP
UI_20150317_001123	{@st59}Acessórios de cabelo{/}
UI_20150317_001124	{@st59}Acessórios subdisiarios{/}
UI_20150317_001125	{@St42}Texto{/}
UI_20150317_001126	Nome de um conteúdo padrão
UI_20150317_001127	Nome de um grupo padrão group
UI_20150317_001128	Nome de um item padrão
UI_20150317_001129	Sr Kim
UI_20150317_001130	Peso : %s
UI_20150317_001131	N/A
UI_20150317_001132	%S raça
UI_20150317_001133	N/A
UI_20150317_001134	Inegociável
UI_20150317_001135	Não reforçar
UI_20150317_001136	N/A
UI_20150317_001137	Nome do item
UI_20150317_001138	N/A
UI_20150317_001139	Mais do que alguns leveis
UI_20150317_001140	Todos podem equipar
UI_20150317_001141	Socket Máximo %s ea
UI_20150317_001142	Nome do Item
UI_20150317_001143	Preço quando vendido na loja : %s Pratas
UI_20150317_001144	Quanto
UI_20150317_001145	{@St42b}Total explorado de Siauliai{/}
UI_20150317_001146	{@St42b}Area leste da floresta explorada{/}
UI_20150317_001147	{@St18}Item{/}
UI_20150317_001148	{@St18}Meu Rank{/}
UI_20150317_001149	Diamante
UI_20150317_001150	N/A
UI_20150317_001151	{@St18}Média{/}
UI_20150317_001152	{@St42b}{s18}Workmanship{/}
UI_20150317_001153	{@St55_c}Nome do Item
UI_20150317_001154	{@St55_c}Histórico de Memo
UI_20150317_001155	{@St59}Coloque o nome. Se você não colocar um nome, um nome aleatório será gerado.{/}
UI_20150317_001156	{@St59}Coloque o memo{/}
UI_20150317_001157	{@St43}Produzir itens
UI_20150317_001158	{@st42b}%s pontos {/}
UI_20150317_001159	{@st42b}%s cachorro {/}
UI_20150317_001160	{@st42b}%s pontoa {/}
UI_20150317_001161	{@st42b}%s cachorro {/}
UI_20150317_001162	{S16}{ol}Por preço
UI_20150317_001163	Preço Total : 1
UI_20150317_001164	{@St41}Ajuda
UI_20150317_001165	{@St41}Descrição da Foto
UI_20150317_001166	{@St41}Registro
UI_20150317_001167	{@St41}Nome
UI_20150317_001168	{@St41}Mensagem
UI_20150317_001169	{@St43}Nome{/}
UI_20150317_001170	{@St41b}Mensagem{/}
UI_20150317_001171	{@St42b}Login{/}
UI_20150317_001172	{@St41}Criar Nova Conversação
UI_20150317_001173	{@St41}Conversa Total
UI_20150317_001174	Nome da Região
UI_20150317_001175	{@St41}Nomes das Habilidades
UI_20150317_001176	{@St41}Pontos de Atriuto
UI_20150317_001177	{@St41}Nome da Classe
UI_20150317_001178	Nome do Personagem
UI_20150317_001179	{@Sti7}Deletar{/}
UI_20150317_001180	level do Personagem
UI_20150317_001181	{@St42}Compartilhar quest{/}
UI_20150317_001182	{@St42}Compartilhar experiencia{/}
UI_20150317_001183	Memo do Personagem
UI_20150317_001184	Level médio do grupo : {#FFFF00}%s{/}
UI_20150317_001185	Procurando jogadores para Grupo : {#FFFF00}%s{/}
UI_20150317_001186	Clerigo / Arqueiro
UI_20150317_001187	Compartilhar quest : {#FFFF00}%s{/}
UI_20150317_001188	N/A
UI_20150317_001189	Distribuição de EXP : {#FFFF00}%s{/}
UI_20150317_001190	Distribuição igual
UI_20150317_001191	Distribuição de itens : {#FFFF00}%s{/}
UI_20150317_001192	Distribuir aleatóriamente
UI_20150317_001193	Como eu
UI_20150317_001194	Você não ve quem é
UI_20150317_001195	{@st41b} Adicionado ao jornal do aventureiro
UI_20150317_001196	Menu de objetos para Quest
UI_20150317_001197	Categorias de Quest
UI_20150317_001198	Listar objetos da quest
UI_20150317_001199	N/A
UI_20150317_001200	Linha usada no roteiro
UI_20150317_001201	Slot Object_Standard
UI_20150317_001202	Slot Object_Cash Slot
UI_20150317_001203	Tipo de Destalhers do Personagem 1
UI_20150317_001204	Tipo de Destalhers do Personagem 2
UI_20150317_001205	Tipo de Slot do Inventário 1
UI_20150317_001206	Tipo de Slot do Inventário 2
UI_20150317_001207	Tipo de Slot do Inventário
UI_20150317_001208	Ver detalhes do item no mercado
UI_20150317_001209	Nome do item de saída
UI_20150317_001210	Número restante de saída
UI_20150317_001211	Valor de saída
UI_20150317_001212	Quando você adiciona no carrinho
UI_20150317_001213	Valor total de saída
UI_20150317_001214	Para saída de produto
UI_20150317_001215	Preço de saída unitário
UI_20150317_001216	Categoria de itens
UI_20150317_001217	Noticias
UI_20150317_001218	{@St42b}Reiniciar{/}
UI_20150317_001219	Peltang Stang
UI_20150317_001220	99 Ciclos
UI_20150317_001221	Mate 8 Vubbes Loucos
UI_20150317_001222	Dica de ferramentas
UI_20150317_001223	EXP: sad{br}+1 Encantamento de Cristal (Attack)
UI_20150317_001224	A espada do aprendiz
UI_20150317_001225	Reparar Durabilidade :
UI_20150317_001226	Custo de reparação : 120 pratas
UI_20150317_001227	Custo de reparação : %s pratas
UI_20150317_001228	{@st42b}Contador de Lances{@sti7}%s{/}
UI_20150317_001229	{@st42b}Preço Atual {img icon_item_silver 20 20}{@st57}%s{/}
UI_20150317_001230	{@St41}Comprar imediatamente! {Img icon_item_silver 20 20}{@st57}%s{/}
UI_20150317_001231	{@St41b}Receber itens{/}
UI_20150317_001232	{@st42b} Preço dos Lances {img icon_item_silver 20 20}{@st57}%s{/}
UI_20150317_001233	{@Sti7}Retornar
UI_20150317_001234	{@St59}Cabeça{/}
UI_20150317_001235	{@St59}Bracelhete Esquerdo{/}
UI_20150317_001236	{@St59}Bracelhete Direito{/}
UI_20150317_001237	{@St59}Costumes{/}
UI_20150317_001238	{@st59}Anel2{/}
UI_20150317_001239	Nome do Pet
UI_20150317_001240	Pacote Chandler
UI_20150317_001241	Floresta Lets ..etc..
UI_20150317_001242	Consumir Moedas
UI_20150317_001243	Nome de categoria
UI_20150317_001244	Isto é uma ajuda
UI_20150317_001245	{@Sti7}%s Pontos{/}
UI_20150317_001246	{@st41b}%s Pontos
UI_20150317_001247	Limpar quest 25
UI_20150317_001248	[Sub]Floresta de espinho
UI_20150317_001249	{@St42}Item equipado
UI_20150317_001250	{@St44}Rank de informaçãoes de classe %s{/}
UI_20150317_001251	Informação de progresso
UI_20150317_001252	Coração
UI_20150317_001253	N/A
UI_20150317_001254	%s Levle
UI_20150317_001255	Memo : {#666666}%s
UI_20150317_001256	Ayase
UI_20150317_001257	Relação com o %s
UI_20150317_001258	{#FFFF33}%s{/} foi convidae para amigo{/}
UI_20150317_001259	{@St41b}Aceitar
UI_20150317_001260	{@St41b}Recusar
UI_20150317_001261	{@St53b}Carregando a sua lista de amigos.
UI_20150317_001262	Level %s{/}
UI_20150317_001263	{@st41} Cancelar
UI_20150317_001264	Por favor registre o Buff para venda.
UI_20150317_001265	Preço : %s{/}
UI_20150317_001266	Então Número Faltando
UI_20150317_001267	{@St41}Comprar
UI_20150317_001268	Número restante:%s {/}
UI_20150317_001269	{@St41}Item{/}
UI_20150317_001270	{@St41b} Memo
UI_20150317_001271	{@St41b}Criação
UI_20150317_001272	{@St41b}Preço : %s{/}
UI_20150317_001273	{@Sti5}Preço : %s{/}
UI_20150317_001274	{@Sti9} Quest de Grupo (%s){/}
UI_20150317_001275	{@st41_yellow} Mapa Explorado %s% {/}
UI_20150317_001276	{@st41_yellow} Pontos %s {/}
UI_20150317_001277	{@st42b}{b}Taxa de conquistas{/}
UI_20150317_001278	{@st59}Juntar-se a quest de grupo{/}
UI_20150317_001279	Janelas
UI_20150317_001280	Status
UI_20150317_001281	Tab
UI_20150317_001282	Imagem do Item
UI_20150317_001283	Efeitos
UI_20150317_001284	Set de Controle
UI_20150317_001285	{@St41}Dificuldade : %s
UI_20150317_001286	{@St42}Tempo restante : %s
UI_20150317_001287	{@St53}Criação de item
UI_20150323_001288	{@st59}Coloque o seu item aqui{/}
UI_20150323_001289	{@st42}Cancelar
UI_20150323_001290	{@st42}OK
UI_20150323_001291	{@st43}Briquetting{/}
UI_20150323_001292	Potecial Atual
UI_20150323_001293	Consumir Materiais
UI_20150323_001294	Consumir Qtd
UI_20150323_001295	Qtd disponível
UI_20150323_001296	{@sti6}Histórico de transações
UI_20150323_001297	{@st43}Acampamento
UI_20150323_001298	Nome do Quadro
UI_20150323_001299	{@st43}Contruir
UI_20150323_001300	{@stc1}Duração do acampamento
UI_20150323_001301	{@stc1}Efeitos
UI_20150323_001302	{@stc1}Materiais e Preço
UI_20150323_001303	{@st41b}Acampamento
UI_20150323_001304	{@st41b}Log
UI_20150323_001305	{@st41b}Renovar tempo
UI_20150323_001306	{@st59}Renovar tempo de duração{/}
UI_20150323_001307	{@st41b}Tempo de duração do acampamento
UI_20150323_001308	{@st41b}Efeitos
UI_20150323_001309	{@st42b}Acampamento dura mais 24 horas quando renovado. %s pratas serão consumidas.
UI_20150323_001310	{@st41b}Armazem
UI_20150323_001311	{@stc1}Colocar ou retirar itens do armazem custa %s prata.{/}
UI_20150323_001312	{@st41}{#ffff00}Travar alvo{/}
UI_20150323_001313	{@st43}Tabela de distribuição de comida
UI_20150323_001314	{@st41b}Tipo de comida
UI_20150323_001315	{@st41b}Tabela
UI_20150323_001316	{@st59}Fechar tabela de distribuição de comida{/}
UI_20150323_001317	{@st43}Grimório{/}
UI_20150323_001318	{@st59}Fechar UI do Grimório{/}
UI_20150323_001319	Habilidades da minha invocação
UI_20150323_001320	Carta prin.
UI_20150323_001321	Sub Carta
UI_20150323_001322	Stato
UI_20150323_001323	CON
UI_20150323_001324	INT
UI_20150323_001325	DEX
UI_20150323_001326	CRT
UI_20150323_001327	{@st43}Colocar Loja{/}
UI_20150323_001328	{@st41b}Configurações
UI_20150323_001329	Preço por itens
UI_20150323_001330	{@st41b}Lista de Materiais
UI_20150323_001331	{@st43}Polir Gema{/}
UI_20150323_001332	{@st59}Fechar UI{/}
UI_20150323_001333	{@st41b}Repairar{/}
UI_20150323_001334	{@st41b}Log{/}
UI_20150323_001335	Preço
UI_20150323_001336	{@st59}Coloque a gema aqui{/}
UI_20150323_001337	Materias consumídos
UI_20150323_001338	Quantidade Faltando
UI_20150323_001339	{@st42}Fechar
UI_20150323_001340	{@st43}Reparar Arma{/}
UI_20150323_001341	{@st43}Reparar Equipamento{/}
UI_20150323_001342	{@st41b}Preço
UI_20150323_001343	{@st41b}Materiais
UI_20150323_001344	{@st43}Reparar{/}
UI_20150323_001345	{@st41b}Reparar{/}
UI_20150323_001346	Level da Habilidade
UI_20150323_001347	{@st41}N. de Jogares entrando
UI_20150323_001348	{@st43}Atualização de itens da Dungeon
UI_20150323_001349	{@st41}Materias Necessários
UI_20150323_001350	{@st59}Materias Necessários{/}
UI_20150323_001351	Level sugerido : %s
UI_20150323_001352	{@st43}Seleção de Modo da UI{/}
UI_20150323_001353	{@st43}Loja de Compras
UI_20150323_001354	Nome da Loja
UI_20150323_001355	{@st41b}Abrir Loja
UI_20150323_001356	{@st59}Iniciar loja de compras{/}
UI_20150323_001357	{@st59}Cancelar{/}
UI_20150323_001358	{@st59}Fecha loja de compras{/}
UI_20150323_001359	Requisitar compra
UI_20150323_001360	{@st59}Fechar loja de compras
UI_20150323_001361	{@st59}Loja de compras{nl} - Troque seus itens por prata
UI_20150323_001362	{@st43}Itens que o comprador quer{/}
UI_20150323_001363	{@st43}Itens para venda
UI_20150323_001364	{@st43}Lucro total
UI_20150323_001365	{@st41}Vender
UI_20150323_001366	{@st41}Materiais de Alquimia
UI_20150323_001367	{@st41}Para Alquimia {@stx1}(%s Necessário){/}
UI_20150323_001368	{@st59}Invocar Pet{/}
UI_20150323_001369	{@st41b}Personagem{/}
UI_20150323_001370	{@st59}Grimório{/}
UI_20150323_001371	{@st41b}Aplicar Bloom{/}
UI_20150323_001372	{@st41b}Aplicar Vignette{/}
UI_20150323_001373	{@st41b}Aplicar FXAA{/}
UI_20150323_001374	{@st41b}Aplicar GLOW{/}
UI_20150323_001375	{@st41b}Aplicar Depth {/}
UI_20150323_001376	{@st41b}Aplicar SoftParticle{/}
UI_20150323_001377	{@st43}Armazem{/}
UI_20150323_001378	{@st59}Fechar Armazem{/}
UI_20150323_001379	{@sti6}Colocar ou retirar itens do armazem custa %s prata.{/}
UI_20150323_001380	{@st59}Alt+Z para trocar de arma{/}
UI_20150323_001381	{@st59}Salvar configurações de alojamento{/}
UI_20150323_001382	Alterar alojamento
UI_20150323_001383	{@st59}Fechar Janela de alojamento
UI_20150323_001384	{@st59}Alterar alojamento{nl} - Altere o alojamento para alterar o mapa e expandir slots.
UI_20150323_001385	{@st41}Cacelar Pré-Visualização
UI_20150323_001386	{@st46}Minha Moedas : %s{/}
UI_20150323_001387	{@st41b}Alterar Alojamento{/}
UI_20150323_001388	{@st59}Decorar alojamento{/}
UI_20150323_001389	{@st41b}Configurações do alojamento{/}
UI_20150323_001390	{@st59}Alterar configurações do alojamento {/}
UI_20150323_001391	{@st45ty}Cumprimentos do Personagem{/}
UI_20150323_001392	{@st45ty}Loja de Compras
UI_20150323_001393	{@st41b}Mudar
UI_20150323_001394	{@st59}Alterar cumprimentos do personagem{/}
UI_20150323_001395	{@st59}Colocar Loja de compras{/}
UI_20150323_001396	Purchast Qty. : %s{/}
UI_20150323_001397	Procurar itens para comprar
UI_20150323_001398	Qtd.
UI_20150323_001399	Preço/ea
UI_20150323_001400	{@sti5}%s ea{/}
UI_20150323_001401	{@st41}Comer
UI_20150323_001402	{@st41}Criar
UI_20150323_001403	{@st41}Criar Qtd.
UI_20150323_001404	{@st41}Materias Consumidos
UI_20150401_001405	{@st59}Fechar Briquetting{/}
UI_20150401_001406	{@st41}Desfazer acampamento
UI_20150401_001407	{@st43}%s Ciclo{/}
UI_20150401_001408	{@st43}Habilidade{/}
UI_20150401_001409	{@st43}Dica de Classe{/}
UI_20150401_001410	Dica de Classe
UI_20150401_001411	{@st42}{#ffff00}Travar Alvo {/}
UI_20150401_001412	{@st41}Desfazer Tabela
UI_20150401_001413	{@st43}Tincturing{/}
UI_20150401_001414	Atalho do Joystick
UI_20150401_001415	{@st42}{#ffff00}Modo de Teclado{/}
UI_20150401_001416	{@st43}Abrir caixa de Oferta
UI_20150401_001417	{@st41b}Abrir
UI_20150401_001418	{@st41b}Caixa de Oferta
UI_20150401_001419	{@st41}Nome da Caixa de Oferta
UI_20150401_001420	Preço pago
UI_20150401_001421	Lucro estimado
UI_20150401_001422	Fundos
UI_20150401_001423	{@st45tw}Detalhes do item na Caixa de Ofertas
UI_20150401_001424	{@st41}Vender tudo
UI_20150401_001425	{@st43}Caixa de ofertas
UI_20150401_001426	Dar uma Oferta
UI_20150401_001427	Finalizar Transação
UI_20150401_001428	Balanço estimado
UI_20150401_001429	{@st45tw}Caixa de oferertas
UI_20150401_001430	{@st41}Vazio
UI_20150401_001431	{@st43}Atual lista de usuários na Zona{/}
UI_20150401_001432	{@st59}Fechar a Lista de UI do GM{/}
UI_20150401_001433	{@st41}Descrição do Grupo :
UI_20150401_001434	{s20}Quantidade de Veneno {s28}{b}{#ff6600}%s
UI_20150401_001435	Materials para Veneno
UI_20150401_001436	{@st41b}Selecionar tudo{/}
UI_20150401_001437	{@st59}Descelecionar tudo quando clicar denovo{/}
UI_20150401_001438	{@st41b}Criar{/}
UI_20150401_001439	{@st59}Mistura, mistura, vira e mistura{/}
UI_20150401_001440	{@st41b}Conquistas{/}
UI_20150401_001441	Cor do Cabelo
UI_20150401_001442	Título Disponível
UI_20150401_001443	{@st41b}Modo Joystick de UI{/}
UI_20150401_001444	{@st41}{#ffffcc}Nome
UI_20150401_001445	{@st41}{#ffffcc}Preço
UI_20150401_001446	{@st41}{#ffffcc}Status
UI_20150401_001447	{@st41b}Cancelar Pré-Visualização
UI_20150401_001448	{@st41}{#ffff00}Minhas Moedas : %s{/}
UI_20150401_001449	Equipado
UI_20150401_001450	Descrição : {#FFFF00}%s{/}
UI_20150401_001451	Level Médio : {#FFFF00}%s{/}
UI_20150401_001452	Condições
UI_20150401_001453	Tituto %s
UI_20150401_001454	Premio %s
UI_20150401_001455	{@st42}Quantia
UI_20150406_001456	{@st43}Acampamento
UI_20150406_001457	{@st42}Construir
UI_20150406_001458	{@st42}Cancelar
UI_20150406_001459	{@stc1}Duração do acampamento
UI_20150406_001460	{@st41b}Acampamento
UI_20150406_001461	{@st41b}Duração do acampamento
UI_20150406_001462	{@st42b}Acampamento dura mais 24 horas quando renovado. {nl}%s pratas serão consumidas.
UI_20150406_001463	{@st41}Desfazer Acampamento
UI_20150406_001464	{@st42}Desativar Tabela
UI_20150406_001465	{@st59b}Grimório{nl}{@st59s} - Coloque uma carta e inicie a invocação{/}
UI_20150406_001466	{@st41}Habilidades da minha invocação
UI_20150406_001467	{@st41}Stato
UI_20150406_001468	{@st41b}Nome da Venda
UI_20150406_001469	{@st41b}Detalhes do Item Oferecido
UI_20150406_001470	{@st59}Fechar Loja de Compras
UI_20150406_001471	{@st59b}Loja de Compras{nl}{@st59s} - Trocar itens por prata
UI_20150406_001472	{@st41b}Item pedido pelo cliente{/}
UI_20150406_001473	{@st41b}Item Registrado para venda{/}
UI_20150406_001474	{@st41b}Total Adquirido
UI_20150406_001475	{@st41b}Vender
UI_20150406_001476	{@st59}Vender Item Registrado{/}
UI_20150406_001477	{@st59}Fechar Armazem{/}
UI_20150406_001478	{@st41b} %s prata é consumida quando você usa o armazem.{/}
UI_20150406_001479	{@st41b}Qty.
UI_20150414_001480	{@st42b}Duração do acampamento é aumentada quando resetado.{nl} Custa %s Pratas .
UI_20150414_001481	{@st41b}Tipo {@sti7}%s{/}
UI_20150414_001482	{@st41b}Dificuldade de Controle {@sti7}%s{/}
UI_20150414_001483	{@st59b} Item {/}
UI_20150414_001484	{@st59b} Monstro {/}
UI_20150414_001485	{@st59b} Mover Mapa {/}
UI_20150414_001486	{@st59b} Comando de Batalha {/}
UI_20150414_001487	{s26}{b}ea
UI_20150414_001488	{s26}{b}Level
UI_20150414_001489	{@st44}{s26}Level
UI_20150414_001490	{@st59b}{s26}ea
UI_20150414_001491	{@st41b}Cozinhar
UI_20150414_001492	{@st41b}Comida
UI_20150414_001493	{@st42}Desativar tabela
UI_20150414_001494	{@st41b}Gravar{/}
UI_20150414_001495	{@st41}Descrição de Grupo
UI_20150414_001496	{@st41b}Entrar{/}
UI_20150414_001497	Level de Polimento %s
UI_20150428_001498	{@st43}Loja de Compras{/}
UI_20150428_001499	{@st41b}Fechar
UI_20150428_001500	{@st41b}Reporte BUG
UI_20150428_001501	{@st59}Notificação sobre o problema{/}
UI_20150428_001502	A sua tela de jogo vai ser enviada quando você reportar um BUG. O arquivo de replay irá ajudar muito com o conserto do BUG. Deseja usar o Reporte de BUG?
UI_20150428_001503	{@st41b}Descrição do BUG :{/}
UI_20150428_001504	{@st41b}Colocar uma descrição do BUG não é obrigatório, mas irá nos ajudar muito na analize do BUG.
UI_20150428_001505	{@st41b}Enviar
UI_20150428_001506	{@st42}{s14}{#ffff00}Travar Alvo{/}
UI_20150428_001507	{@st59}Trava o alvo independente de distancia ou direção
UI_20150428_001508	Grupo Encontrado!
UI_20150428_001509	Atalho de descanço do Joypad
UI_20150428_001510	{@st41b}Modo de Descanço
UI_20150428_001511	Tutorial do Joypad
UI_20150428_001512	{@st59}Fechar Tutorial do Joypad.(M){/}
UI_20150428_001513	Tutorial do Teclado
UI_20150428_001514	{@st44}Deslogar{/}
UI_20150428_001515	{@st41b}Auxiliar de Saída(%s Moedas Necessárias){/}
UI_20150428_001516	Custo para adicionar Socket : {#ff9933}%s{/}{nl}Custo para remover Gema : {#ff9933}%s{/}
UI_20150428_001517	{@st41b}Remover Gema
UI_20150428_001518	{@st42}{s14}{#ffff00}Modo da UI{/}
UI_20150428_001519	{@st59}Use o Teclado ou Joypad Para controlar a UI
UI_20150428_001520	Usar procura de Grupos
UI_20150428_001521	Se houver um jogador dentro das condições aplicadas, a menssagem [Condições para grupo encontradas!] será mostrada.
UI_20150428_001522	{@st41}Tipo de Jogo{/}
UI_20150428_001523	Quest 
UI_20150428_001524	Caçar
UI_20150428_001525	Evento
UI_20150428_001526	{@st41}Diferença de Level{/}
UI_20150428_001527	Não Relatado
UI_20150428_001528	{@st41}Classe Desejada{/}
UI_20150428_001529	{@st41b}Sair do Grupo
UI_20150428_001530	{@st59}Procurar por descrição de grupo{/}
UI_20150428_001531	{s18}{ol}{gr gradation1}Auxiliar de Regras{/}
UI_20150428_001532	{@st59}Proceder manufaturação.{/}
UI_20150428_001533	{@st45ty}Cor do Cabelo
UI_20150428_001534	{@st45ty}Titulos Disponíveis
UI_20150428_001535	{@st41_yellow}Auxiliar de Habilidades
UI_20150428_001536	{@st41b}Mostrar o nome de outros personagens{/}
UI_20150428_001537	{@st43}Modo da UI{/}
UI_20150428_001538	{@st41b}Auto{/}
UI_20150428_001539	{@st41b}Joypad{/}
UI_20150428_001540	{@st41b}Teclado{/}
UI_20150428_001541	Joypad
UI_20150428_001542	{@st59}Info do Joypad{/}
UI_20150428_001543	Teclado
UI_20150428_001544	{@st59}Info do Teclado{/}
UI_20150428_001545	{@st43}Opções de Gráfico{/}
UI_20150428_001546	{@st43}Performance{/}
UI_20150428_001547	{@st41b}Modo de Baixa Performance{/}
UI_20150428_001548	{@st41b}Ajutar Auto.{/}
UI_20150428_001549	{@st41b}Não use{/}
UI_20150428_001550	FAQ do Jogo
UI_20150428_001551	Jogadores : (%s/%s)
UI_20150428_001552	Pelo menos Level 100 : (%s/%s)
UI_20150511_001553	{@st41}Link de Convite de Grupo
UI_20150714_001554	{@st66b}Itens vendidos : %s ea / Itens não vendidos : %s ea{/}
UI_20150714_001555	{@st41b}Histórico de Transações
UI_20150714_001556	{@st41b}Desfazer Acampamento
UI_20150714_001557	Batalha de Cartas
UI_20150714_001558	{@st64}%s Vitória(s) {/}
UI_20150714_001559	Selecionar Carta
UI_20150714_001560	Rank do Aventureiro{#ffff00}%s{/} ({#ffff00}%s{/} ranking)
UI_20150714_001561	{@st66b}Gosto!
UI_20150714_001562	Eu gosto deste personagem {#ffff00}%s{/}
UI_20150714_001563	{@st41b}Desativar contador de distribuição de comida
UI_20150714_001564	{@st42}Habilidades da minha invocação
UI_20150714_001565	{@st42}Stato
UI_20150714_001566	{@st42}Localização Atual : %s{/}
UI_20150714_001567	{@st59b}Equipamentos {nl}{@st59s} - Cabelo/Costume : Alterar aparencia do personagem {nl} - Armas : Armas de uma ou duas mãos {nl}    (Sub-Armas/Escudos pode ser usados em uma das mãos) {nl} - Equipamentos : Topo, Calças, Luvas, Sapatos {nl} - Accessorios : 1 Colar e 2 Bracelhetes {nl} {/}
UI_20150714_001568	{@st43}Abrir %s Loja {/}
UI_20150714_001569	{@st41b}Polimento{/}
UI_20150714_001570	{@st66}Selecionar tudo
UI_20150714_001571	{@st43}Criar Flecha{/}
UI_20150714_001572	{@st59} Fechar UI{/}
UI_20150714_001573	{@st66b}Checar{/}
UI_20150714_001574	{@st66b}Auxiliar de saída(Moedas %s serão necessárias){/}
UI_20150714_001575	Caixa de Preço : {#000000}%s{/} {nl}Preço para extrair Gema : {#000000}%s{/}
UI_20150714_001576	{ds}Level Recomendados : %s
UI_20150714_001577	Explorado : 50.0%
UI_20150714_001578	{@st45tw}[Explorado %s%]{/}
UI_20150714_001579	>>Mais vizualizações..
UI_20150714_001580	%s (%s Rank)
UI_20150714_001581	Nome da Classe
UI_20150714_001582	{@st41b}Convidar
UI_20150714_001583	{@st41}Se você quiser usar o Joypad ou Mouse, altere para um deles nas opções do jogo.{nl}
UI_20150714_001584	When you meet character matching your party conditions, {nl}[Party match found!] notice will be shown.{nl}You will also be recommended to other parties.
UI_20150714_001585	{@st42}Estilo de Jogo{/}
UI_20150714_001586	{@st42}Diferença de Level{/}
UI_20150714_001587	Qualquer
UI_20150714_001588	{@st42}Tipo de Classe{/}
UI_20150714_001589	{@st42}Nome do grupo : %s{/}
UI_20150714_001590	{@st42}Descrição{/}
UI_20150714_001591	{@st42}Entrar{/}
UI_20150714_001592	{@st42}Regra de distribuição de Itens
UI_20150714_001593	{@st42}Regras de distribuição de EXP
UI_20150714_001594	Indivídual
UI_20150714_001595	Igual
UI_20150714_001596	Por Level
UI_20150714_001597	{@st42}Compartilhar Quest
UI_20150714_001598	Desativar
UI_20150714_001599	{@st42}Registrar como Grupo Publico{/}
UI_20150714_001600	Level
UI_20150714_001601	{@st42}Use a 'recomendação de grupo'{/}
UI_20150714_001602	Por Distancia
UI_20150714_001603	Por Classe
UI_20150714_001604	Por Level
UI_20150714_001605	Por Quest
UI_20150714_001606	Por Amizade
UI_20150714_001607	{@st42}Compartilhar Link do Grupo
UI_20150714_001608	>>Ver Grupo..
UI_20150714_001609	Nome do Grupo : %s
UI_20150714_001610	Descrição do grupo : %s
UI_20150714_001611	Tempo de organização : %s ago
UI_20150714_001612	Membros do grupo : %s/5
UI_20150714_001613	Entrar
UI_20150714_001614	{@st59}Procurar por nome do grupo ou descrição{/}
UI_20150714_001615	Detalhes de ajuda simples
UI_20150714_001616	{@st43}Caixa de Mensagem
UI_20150714_001617	{@st41b}Tudo
UI_20150714_001618	{@st41b}Não lido
UI_20150714_001619	{@st43}{s22}Escolha um personagem para receber os itens.{/}
UI_20150714_001620	{@st41b}Aprimoramento
UI_20150714_001621	{@st66}Lista de itens para reparo
UI_20150714_001622	{@st43}Simoni
UI_20150714_001623	{@st59}Aumentar habilidade{/}
UI_20150714_001624	{@st59}Fechar skills e atributos{/}
UI_20150714_001625	{@st43}Habilidades e Atributos{/}
UI_20150714_001626	Pontos de status sobrando {nl}{@st46}%s
UI_20150714_001627	Likes Recebidos : %s
UI_20150714_001628	{@st66b}Mostrar EXP adquirida{/}
UI_20150714_001629	{@st66b}Mostrar nome do personagem{/}
UI_20150714_001630	{@st66b}Mostrar apenas no nome do time{/}
UI_20150714_001631	{@st66b}Mostrar nome dos jogadores{/}
UI_20150714_001632	{@st66b}Auto{/}
UI_20150714_001633	{@st66b}Joypad{/}
UI_20150714_001634	{@st66b}Teclado{/}
UI_20150714_001635	{@st66b}Mouse
UI_20150714_001636	{@st66b}Full Screen{/}
UI_20150714_001637	{@st66b}Modo Janela{/}
UI_20150714_001638	{@st66b}Volume dos efeitos (%s){/}
UI_20150714_001639	{@st66b}BGM Volume (%s){/}
UI_20150714_001640	{@st66b}Volume (%s){/}
UI_20150714_001641	{@st66b}Baixa performance{/}
UI_20150714_001642	{@st66b}Automático{/}
UI_20150714_001643	{@st66b}Não use{/}
UI_20150714_001644	{@st66b}Aplicar Bloom{/}
UI_20150714_001645	{@st66b}Aplicar Vignette{/}
UI_20150714_001646	{@st66b}Aplicar FXAA{/}
UI_20150714_001647	{@st66b}Aplicar GLOW{/}
UI_20150714_001648	{@st66b}Aplicar Depth{/}
UI_20150714_001649	{@st66b}Aplicar Soft Particle{/}
UI_20150714_001650	{@st66b}Aplicar High Texture {/}
UI_20150714_001651	{@st66b}Vertical Sync On{/}
UI_20150714_001652	{@st66b}Vertical Sync Off{/}
UI_20150714_001653	{@st66b} %s prata é consumida quando você usa o armazem.{/}
UI_20150714_001654	%s gosta de mim
UI_20150714_001655	{@st41}Ver
UI_20150714_001656	{@st66b}Sair
UI_20150714_001657	Partida encontrada. Você quer entrar?
UI_20150714_001658	{@st41}Entrar
UI_20150714_001659	{@st41}Rejeitar
UI_20150714_001660	Fim de Jogo
UI_20150714_001661	Morte
UI_20150714_001662	Dano
UI_20150714_001663	{@st41}Retornar para a zona
UI_20150714_001664	{@st41b}Retornar para a zona em apenas %s segundos...{/}
UI_20150714_001665	{@st59}Abrir caixa de mensagem{/}
UI_20150714_001666	{@st42}Alterar Casa{/}
UI_20150714_001667	{@st42}Config. Casa{/}
UI_20150714_001668	{@st65}%s pontos{/}
UI_20150714_001669	{@st65}%s ea{/}
UI_20150714_001670	{@st65}% pontos{/}
UI_20150714_001671	{@st65}%s ea{/}
UI_20150714_001672	0
UI_20150714_001673	{#000000}%s segundos
UI_20150714_001674	{#000000}%s Equipado
UI_20150714_001675	Nome do Grupo : {#2c140c}%s{/}
UI_20150714_001676	Descrição : {#2c140c}%s{/}
UI_20150714_001677	Level médio : {#2c140c}%s{/}
UI_20150714_001678	Procurando jogador para Grupo : {#2c140c}%s{/}
UI_20150714_001679	Compartilhamento de Quest : {#2c140c}%s{/}
UI_20150714_001680	Regra de distribuição de EXP : {#2c140c}%s{/}
UI_20150714_001681	Regra de distribuição de itens : {#2c140c}%s{/}
UI_20150714_001682	Você teve um bom tempo com o seu grupo?
UI_20150714_001683	{@st42} Obtido %s por %s
UI_20150714_001684	{@st42} Aprimorado %s por%s
UI_20150714_001685	Descrição :%s
UI_20150714_001686	{@st59}Adicionar material no slot do item.{/}
UI_20150714_001687	{@st66b}Preço : %s{/}
UI_20150714_001688	Informações do personagem
UI_20150714_001689	Loja de compras
UI_20150714_001690	%s ea
UI_20150714_001691	{@41b}Condições
UI_20150714_001692	{@st41}Deletar
UI_20150714_001693	{@st41}Atualizar
UI_20150717_001694	Like este jogador {#ffff00}%s{/}
UI_20150717_001695	{@st41b}{s56}Este jogo é {#0066FF}
UI_20150717_001696	Classificado T.
UI_20150717_001697	{s40} {nl}Jogar o jogo por muitas horas pode impactar negativamente na sua saúde.{/}e
UI_20150717_001698	{@st66b}Entrar
UI_20150717_001699	{@st42}informações da invocação
UI_20150717_001700	A sua velocidade de movimento diminui quando você não tem mais{@st59}STA{/}
UI_20150717_001701	{@st59}Organizar inventário{/}
UI_20150717_001702	Organizar
UI_20150717_001703	{@st59}Fechar informações de controle pelo Joystick.{/}
UI_20150717_001704	{@st59}Fechar informações de controle pelo teclado.{/}
UI_20150717_001705	Tutorial do mouse
UI_20150717_001706	{@st59}Fechar informações de controle pelo mouse.{/}
UI_20150717_001707	Ataque : %s
UI_20150717_001708	Defesa  : %s
UI_20150717_001709	STR : %s
UI_20150717_001710	CON : %s
UI_20150717_001711	INT : %s
UI_20150717_001712	DEX : %s
UI_20150717_001713	SPR : %s
UI_20150717_001714	{@st42}{b}  Para espadachins, aperte duas vezes para correr{/}
UI_20150717_001715	{@st42}Detalhes do grupo{/}
UI_20150717_001716	{@st42}Iserir tag de grupo
UI_20150717_001717	{@st41b}Lista de grupo pública{/}
UI_20150717_001718	{@st41b}Personagens recomendados{/}
UI_20150717_001719	{@st41b}Procurar
UI_20150717_001720	Isto pode apenas ser usado por liders de grupo.
UI_20150717_001721	Você precisa usar a função de recomendação de membros para grupo.
UI_20150717_001722	{@st66b}Nome da quest de classe{/}
UI_20150717_001723	{@st59b}Loja{nl}{@st59s} - Use Shift + Click-Direito e entre a quatidade que deseja comprar/vender{nl} - Click-Direito para vender todos os itens{/}
UI_20150717_001724	{@st59}Info do Mouse{/}
UI_20150717_001725	{@st66b}Organizar
UI_20150717_001726	{@st59}Organizar itens.{/}
UI_20150717_001727	{@st59}Equipar Arma{nl}Alt+Z para mudar armas{/}
UI_20150717_001728	Ver como observador
UI_20150717_001729	{@st41}Batalha de campo
UI_20150717_001730	Resultados
UI_20150717_001731	{@st41}Mover imediatamente
UI_20150717_001732	{@St41b}       O nome do time que representa os seus personagens.{nl}      É o nome comum usado junto ao jogo.{nl}               O nome do time pode ser mudado posteriormente.{/}
UI_20150729_001733	{@st42}Mostrar apenas os disponíveis{/}
UI_20150729_001734	Contagem de pés
UI_20150729_001735	Altura
UI_20150729_001736	Peso
UI_20150729_001737	{@st43}Aprimorar Gema{/}
UI_20150729_001738	{@st59b}Criação de itens{nl}{@st59s} - Você pode criar itens usando suas receitas{nl} - Coloque a receita e os materiais no slot de criação{nl} - Você pode selecionar um nome e uma descrição para o item{/}
UI_20150729_001739	{@st59}Fechar criação de flechas.{/}
UI_20150729_001740	Fragmentos Necessários : Mutante %s / Besta %s / Planta %s
UI_20150729_001741	{@st42b}Espadachins e evoluções podem correr clicando duas vezes nas setas.{/}
UI_20150729_001742	{@st41}Opções de grupo
UI_20150729_001743	{@st41}opções de formação de grupo
UI_20150729_001744	{@st42}Função de localização de grupos{/}
UI_20150729_001745	Se houver um jogador dentro das condições aplicadas, a menssagem [Condições para grupo encontradas!] será mostrada.
UI_20150729_001746	{@st41b}Lista de jogadores{/}
UI_20150729_001747	{@st41}Informação de atributos
UI_20150729_001748	{@st59}Cancelar aprimoramento{/}
UI_20150729_001749	{@st59b}Aprimoramento de Gema/Carta{nl}{@st59s} - Selecione Gema ou Carta para aprimorar no seu inventário{nl} - Todos os itens exceto itens de quest podem ser usados como material de criação{nl} (Mais efetivo quando usando gemas como material){nl} - Cartas podem ser aprimoradas usando outras cartas{/}
UI_20150729_001750	{#000000}{s22}Esperando para entrar no servidor..
UI_20150729_001751	{#000000}{s22}Servidor cheio. Na fila para entrar.
UI_20150729_001752	{#000000}{s22}Rank atual : %s
UI_20150729_001753	{@st43}Liga de batalha em grupo
UI_20150729_001754	{@st59}Fechar liga de batalha em grupo
UI_20150729_001755	{@st42}Cronograma da liga de batalha em grupo
UI_20150729_001756	{@st43}Ranks da liga de batalha em grupo
UI_20150729_001757	{@st59}Fechar Rank da Liga de Batalhas em Grupo
UI_20150729_001758	Nome do Time
UI_20150729_001759	{@st41b}Nome da habilidade
UI_20150729_001760	{@st59}Aceitar missão em grupo{/}
UI_20150729_001761	{@st59}Deletar este ticket.{/}
UI_20150729_001762	Pontuação
UI_20150729_001763	Entre na Liga de batalha em grupo
UI_20150730_001764	{@st56}Meu Rank
UI_20150730_001765	{@st56}Rank de Mortes
UI_20150730_001766	{@st56}Rank de dano
UI_20150803_001767	Geral: /s chat{nl}Gritar: /y chat {nl}Grupo: /p chat{nl} Msg.Priv: /w TeamName Chat	일반 : /s 할말{nl}외침 : /y 할말{nl}파티 : /p 할말{nl}귓속말 : /w 팀이름 할말	UI_20150317_000093	{memo X}General: /s chat {nl} Shout: /y chat {nl} Party: /p chat{nl} Whisper: /w character's username chat	일반 : /s 내용{nl}외침 : /y 내용{nl}파티 : /p 내용{nl}귓속말 : /w 캐릭명 내용	
UI_20150803_001768	{@st66b}Jobração do Joypad{/}	{@st66b}조이패드 진동{/}				
UI_20150803_001769	partida encontrada. Por favor espere o jogo começar.	게임을 찾았습니다. 잠시 후 게임에 입장합니다.	UI_20150714_001657	{memo X}Found a game. Do you want to join?	게임을 찾았습니다. 참가하시겠습니까?	
UI_20150804_001770	{@st43}{s18}Selecione o personagem que você deseja receber o item(s).{/}	{@st43}{s18}아이템을 수령할 캐릭터를 선택해주세요.{/}				
UI_20150804_001771	$Sockets Máximo : %s	최대 소켓 %s개	UI_20150317_001141	{memo X}Sockets Maximo : ×%s	최대 소캣 %s개	
UI_20150807_001772	{@st41b}Detalhes {img red_down_arrow 16 16}	{@st41b}상세 보기 {img red_down_arrow 16 16}				
UI_20150807_001773	{memo X}	{@st41b}거래 정산 :{/}	UI_20150317_000632	{memo X}{@st41b}Price{/}	{@st41b}거래 정산 ▶{/}	
UI_20150807_001774	{memo X}	{@st41b}예상 잔액 :{/}	UI_20150317_000633	{memo X}{@st41b}Balance{/}	{@st41b}예상 잔액 ▶{/}	
UI_20150918_001775	Duração do acampamento	캠프 유지 시간				
UI_20150918_001776	Efeito	효과				
UI_20150918_001777	A duração do acampamento aumenta quando é renovado{nl} requer %s silver.	갱신시 캠프 유지시간이 증가되며{nl} %s실버가 소모됩니다.				
UI_20150918_001778	Armazem pessoal	개인 창고	UI_20150323_001310	{@st41b}Armazem pessoal	{@st41b}개인 창고	
UI_20150918_001779	{@st41b}Tipo : {@sti7}%s{/}	{@st41b}타입 : {@sti7}%s{/}				
UI_20150918_001780	{@st41b}Dificuldade : {@sti7}%s{/}	{@st41b}조작난이도 : {@sti7}%s{/}				
UI_20150918_001781	{#ffff00}{ol}%s{/}{/} Player parecido com esse personagem	이 플레이어가 좋아요 {#ffff00}{ol}%s{/}	UI_20150717_001694	{memo X}{#ffff00}%s{/} Player parecido com esse personagem	이 플레이어가 좋아요 {#ffff00}%s{/}	
UI_20150918_001782	{@st43}Calabouços instânciados	{@st43}인스턴스 던전				
UI_20150918_001783	{@st41}Checar Localização	{@st41}위치 확인				
UI_20150918_001784	{#000000}Nome do Calabouço{/}	{#000000}이름{/}				
UI_20150918_001785	{#000000}Level para entrar{/}	{#000000}입장레벨{/}				
UI_20150918_001786	{#000000}Contador de entrada{/}	{#000000}입장 회수{/}				
UI_20150918_001787	{#000000}O número de entradas vai resetar em %s.{/}	{#000000}입장 횟수는 %s시에 초기화 됩니다.{/}				
UI_20150918_001788	{img silver 20 20} Preço	{img silver 20 20} 받는 가격				
UI_20150918_001789	Informações de grupos próximos	주변 파티 정보				
UI_20150918_001790	Fragmentos necesários : %s 	필요 파편 : %s개	UI_20150729_001740	{memo X}Fragments needed : Mutant %s / Beast %s / Plant %s	필요 파편 : 변이 %s개 / 야수 %s개 / 식물 %s개	
UI_20150918_001791	{@st66b}Vazio	{@st66b}비우기				
UI_20150918_001792	{@st42}Mostrar grupos próximos{/}	{@st42}주변 파티 정보 표시{/}				
UI_20150918_001793	Amizade com {@sti9}%s{@st66b} : {@st66b}Level{/} {@sti9}%s {@st66b}	{@sti9}%s{@st66b}과의 친밀도 : {@sti9}%s {@st66b}레벨{/}	UI_20150317_000480	{@sti9}%s{@st41b}Proximidade : {@sti9}%s {@st41b}Level{/}	{@sti9}%s{@st41b}과의 친밀도 : {@sti9}%s {@st41b}레벨{/}	
UI_20150918_001794	Amizade	친밀도	UI_20150317_000483	{@st41b}Closeness{/}	{@st41b}친밀도{/}	
UI_20150918_001795	{@st41b}Obtido material para criar o item!	{@st41b}제작 아이템 재료 획득!				
UI_20150918_001796	{@st66b}{s20}Você se tornou {/}{s20}{#cc6600}{ol}Incapable of Combat {/}{@st66b}{s20}!{/}	{@st66b}{s20}당신은 {/}{s20}{#cc6600}{ol}전투 불능 {/}{@st66b}{s20}상태가 되었습니다!{/}	UI_20150317_000605	{@st41b}You have become {/}{s20}{#cc6600}{ol} incapable of combat{/}{@st41b}{/}	{@st41b}당신은 {/}{s20}{#cc6600}{ol}전투 불능 {/}{@st41b}상태가 되었습니다!{/}	
UI_20150918_001797	{@st66b}Reiniciar a partir do ponto de ressusitação mais próximo{/}	{@st66b}가까운 부활지점에서 다시하기{/}	UI_20150317_000606	{@st41b}Respawn from the nearest Revival Point{/}	{@st41b}가까운 부활지점에서 다시하기{/}	
UI_20150918_001798	{@st66b}Reiniciar aqui (requires %s iCoins){/}	{@st66b}제자리에서 다시하기(NXP %s개 필요){/}	UI_20150317_000607	{@st41b}Respawn here (requires %s iCoins) {/}	{@st41b}제자리에서 다시하기(NXP %s개 필요){/}	
UI_20150918_001799	{@st66b}Retornar ao campo{/}	{@st66b}필드로 복귀하기{/}	UI_20150317_000608	{@st41b}Return to field{/}	{@st41b}필드로 복귀하기{/}	
UI_20150918_001800	{@st66b}Abandonar a quest e tentar novamente{/}	{@st66b}퀘스트 포기 후 재시작하기{/}	UI_20150317_000609	{@st41b}Abandon quest and restart{/}	{@st41b}퀘스트 포기 후 재시작하기{/}	
UI_20150918_001801	{@st66b}Tentar denovo{/}	{@st66b}재도전{/}	UI_20150317_000610	{@st41b}Try again{/}	{@st41b}재도전{/}	
UI_20150918_001802	{@st66b}Itens vendidos{/}	{@st66b}내가 판매한 아이템{/}	UI_20150317_000634	{@st41b}My Sold Items{/}	{@st41b}내가 판매한 아이템{/}	
UI_20150918_001803	{@st53}Pontos do rank : %s	{@st53}랭킹포인트 : %s				
UI_20150918_001804	Total inegociável: %s	총 거래 불가: %s개				
UI_20150918_001805	{@st42b}Checar Dialogo{/}	{@st42b}대사 확인{/}				
UI_20150918_001806	{@st66b}Dar comida oas de fora do grupo{/}	{@st66b}파티원 외 음식 제공{/}				
UI_20150918_001807	{@st41b}Alterar título	{@st41b}간판이름변경				
UI_20150918_001808	{@sti9}Meu rank	{@sti9}내 랭킹				
UI_20150918_001809	{@sti9}Rank de mortes	{@sti9}킬 랭킹				
UI_20150918_001810	{@sti9}Rank de dano	{@sti9}데미지 랭킹				
UI_20151001_001811	{@st43}Configurar atalhos{/}	{@st43}키 설정{/}				
UI_20151001_001812	{@st45tw2}Categoria	{@st45tw2}카테고리				
UI_20151001_001813	Ação	액션				
UI_20151001_001814	Restaurar padrões	기본값 복원				
